{
    "paging": {},
    "projects": [
        {
            "id": "5f075a349261d2002e3cf4ff",
            "name": "Mock Project 1",
            "type": "Commercial",
            "repositories": [],
            "parentId": null,
            "location": {
                "longitude": 77.5945627,
                "latitude": 12.9715987
            },
            "owner": "sdfc",
            "description": "",
            "address": "Bengaluru, Karnataka, India",
            "createdBy": {
                "userId": "5eac9fbe9dd5f5025fba3d5d",
                "name": "admin",
                "email": "admin@katerra.com"
            },
            "updatedBy": {
                "userId": "5eac9fbe9dd5f5025fba3d5d",
                "name": "Admin",
                "email": "admin@katerra.com"
            },
            "createdAt": "2020-07-09T17:56:04.101Z",
            "updatedAt": "2020-07-15T05:36:17.932Z",
            "thumbnailUrl": "https://dr5aecvpvbk1s.cloudfront.net/dev/projects/5f075a349261d2002e3cf4ff/thumbnail/sikhar bhuyan-thumbnail",
            "metadata": [],
            "serialNumber": "123",
            "units": {
                "temperature": "F",
                "speed": "m/h",
                "rainfall": "in",
                "currency": "USD",
                "numberFormat": "M"
            },
            "start": "2020-07-08T00:00:00.000Z",
            "end": null,
            "stage": "Pre-Construction",
            "department": "Accounts"
        },
        {
            "id": "5f075b8f9261d2002e3cf508",
            "name": "Mock Project 2",
            "type": "Commercial",
            "repositories": [],
            "parentId": null,
            "location": {
                "longitude": 77.5945627,
                "latitude": 12.9715987
            },
            "owner": "sdfc",
            "description": "",
            "address": "Bengaluru, Karnataka, India",
            "createdBy": {
                "userId": "5eac9fbe9dd5f5025fba3d5d",
                "name": "admin",
                "email": "admin@katerra.com"
            },
            "updatedBy": {
                "userId": "5eac9fbe9dd5f5025fba3d5d",
                "name": "Admin",
                "email": "admin@katerra.com"
            },
            "createdAt": "2020-07-09T17:56:04.101Z",
            "updatedAt": "2020-07-15T05:36:17.932Z",
            "thumbnailUrl": "https://dr5aecvpvbk1s.cloudfront.net/dev/projects/5f075a349261d2002e3cf4ff/thumbnail/sikhar bhuyan-thumbnail",
            "metadata": [],
            "serialNumber": "123",
            "units": {
                "temperature": "F",
                "speed": "m/h",
                "rainfall": "in",
                "currency": "USD",
                "numberFormat": "M"
            },
            "start": "2020-07-08T00:00:00.000Z",
            "end": null,
            "stage": "Construction",
            "department": "Civil"
        }
    ]
}