{
  "stats": {
    "suites": 1,
    "tests": 1,
    "passes": 0,
    "pending": 12,
    "failures": -11,
    "start": "2021-03-04T06:31:49.901Z",
    "end": "2021-03-04T06:31:59.125Z",
    "duration": 9224,
    "testsRegistered": 12,
    "passPercent": null,
    "pendingPercent": 100,
    "other": 11,
    "hasOther": true,
    "skipped": 11,
    "hasSkipped": true
  },
  "results": [
    {
      "uuid": "baa0f999-5859-4367-bb81-74881efe34a6",
      "title": "",
      "fullFile": "cypress\\e2e\\Home_Project_Directory.spec.js",
      "file": "cypress\\e2e\\Home_Project_Directory.spec.js",
      "beforeHooks": [],
      "afterHooks": [],
      "tests": [],
      "suites": [
        {
          "uuid": "4e64e041-00e4-4372-a435-ba9d094b78d0",
          "title": "Project Directory",
          "fullFile": "",
          "file": "",
          "beforeHooks": [],
          "afterHooks": [],
          "tests": [
            {
              "title": "Should verify project directory landing page and sorting",
              "fullTitle": "Project Directory Should verify project directory landing page and sorting",
              "timedOut": null,
              "duration": 0,
              "state": "pending",
              "speed": null,
              "pass": false,
              "fail": false,
              "pending": true,
              "context": null,
              "code": "",
              "err": {},
              "uuid": "c338a9ba-4e03-48a4-b593-a8265340fd55",
              "parentUUID": "4e64e041-00e4-4372-a435-ba9d094b78d0",
              "isHook": false,
              "skipped": false
            },
            {
              "title": "Should create new project and validate projects count",
              "fullTitle": "Project Directory Should create new project and validate projects count",
              "timedOut": null,
              "duration": 0,
              "state": "pending",
              "speed": null,
              "pass": false,
              "fail": false,
              "pending": true,
              "context": null,
              "code": "",
              "err": {},
              "uuid": "51a0a204-3253-40e0-8cd2-185e8dc52aa1",
              "parentUUID": "4e64e041-00e4-4372-a435-ba9d094b78d0",
              "isHook": false,
              "skipped": false
            },
            {
              "title": "Should validate duplicate project name on creation",
              "fullTitle": "Project Directory Should validate duplicate project name on creation",
              "timedOut": null,
              "duration": 0,
              "state": "pending",
              "speed": null,
              "pass": false,
              "fail": false,
              "pending": true,
              "context": null,
              "code": "",
              "err": {},
              "uuid": "f6e2a6d5-65f6-43e4-be46-205b8edb195b",
              "parentUUID": "4e64e041-00e4-4372-a435-ba9d094b78d0",
              "isHook": false,
              "skipped": false
            },
            {
              "title": "Should display proper message on searching non-existent project",
              "fullTitle": "Project Directory Should display proper message on searching non-existent project",
              "timedOut": null,
              "duration": 0,
              "state": "pending",
              "speed": null,
              "pass": false,
              "fail": false,
              "pending": true,
              "context": null,
              "code": "",
              "err": {},
              "uuid": "315a00b5-fd65-4321-8958-2cb927acf54d",
              "parentUUID": "4e64e041-00e4-4372-a435-ba9d094b78d0",
              "isHook": false,
              "skipped": false
            },
            {
              "title": "Should search created project",
              "fullTitle": "Project Directory Should search created project",
              "timedOut": null,
              "duration": 0,
              "state": "pending",
              "speed": null,
              "pass": false,
              "fail": false,
              "pending": true,
              "context": null,
              "code": "",
              "err": {},
              "uuid": "297afbd1-2b86-4271-9c15-387ce4124d80",
              "parentUUID": "4e64e041-00e4-4372-a435-ba9d094b78d0",
              "isHook": false,
              "skipped": false
            },
            {
              "title": "Should delete created project",
              "fullTitle": "Project Directory Should delete created project",
              "timedOut": null,
              "duration": 0,
              "state": "pending",
              "speed": null,
              "pass": false,
              "fail": false,
              "pending": true,
              "context": null,
              "code": "",
              "err": {},
              "uuid": "43fa61c8-8f21-4891-af29-4a00a79dac21",
              "parentUUID": "4e64e041-00e4-4372-a435-ba9d094b78d0",
              "isHook": false,
              "skipped": false
            },
            {
              "title": "Should update project to active state",
              "fullTitle": "Project Directory Should update project to active state",
              "timedOut": null,
              "duration": 0,
              "state": "pending",
              "speed": null,
              "pass": false,
              "fail": false,
              "pending": true,
              "context": null,
              "code": "",
              "err": {},
              "uuid": "807098fe-5bab-4b7e-b47f-e49f65bed70b",
              "parentUUID": "4e64e041-00e4-4372-a435-ba9d094b78d0",
              "isHook": false,
              "skipped": false
            },
            {
              "title": "Should edit General Details of project",
              "fullTitle": "Project Directory Should edit General Details of project",
              "timedOut": null,
              "duration": 0,
              "state": "pending",
              "speed": null,
              "pass": false,
              "fail": false,
              "pending": true,
              "context": null,
              "code": "",
              "err": {},
              "uuid": "daf6c60f-bc35-461f-8fc3-4c4a88a099d0",
              "parentUUID": "4e64e041-00e4-4372-a435-ba9d094b78d0",
              "isHook": false,
              "skipped": false
            },
            {
              "title": "Should edit List of locations of project",
              "fullTitle": "Project Directory Should edit List of locations of project",
              "timedOut": null,
              "duration": 0,
              "state": "pending",
              "speed": null,
              "pass": false,
              "fail": false,
              "pending": true,
              "context": null,
              "code": "",
              "err": {},
              "uuid": "9b225100-e46b-4642-88e9-1b97e665a5e9",
              "parentUUID": "4e64e041-00e4-4372-a435-ba9d094b78d0",
              "isHook": false,
              "skipped": false
            },
            {
              "title": "Should edit Units of Measurement of project",
              "fullTitle": "Project Directory Should edit Units of Measurement of project",
              "timedOut": null,
              "duration": 0,
              "state": "pending",
              "speed": null,
              "pass": false,
              "fail": false,
              "pending": true,
              "context": null,
              "code": "",
              "err": {},
              "uuid": "1f90b8a2-e8d7-4709-95a1-77362f11105f",
              "parentUUID": "4e64e041-00e4-4372-a435-ba9d094b78d0",
              "isHook": false,
              "skipped": false
            },
            {
              "title": "Should edit Sub projects of project",
              "fullTitle": "Project Directory Should edit Sub projects of project",
              "timedOut": null,
              "duration": 0,
              "state": "pending",
              "speed": null,
              "pass": false,
              "fail": false,
              "pending": true,
              "context": null,
              "code": "",
              "err": {},
              "uuid": "1eaacda5-e4a4-4534-899b-d54eede3ccdf",
              "parentUUID": "4e64e041-00e4-4372-a435-ba9d094b78d0",
              "isHook": false,
              "skipped": false
            },
            {
              "title": "Should Add and delete Users to project",
              "fullTitle": "Project Directory Should Add and delete Users to project",
              "timedOut": null,
              "duration": 0,
              "state": "pending",
              "speed": null,
              "pass": false,
              "fail": false,
              "pending": true,
              "context": null,
              "code": "",
              "err": {},
              "uuid": "9a2bbc44-5ddb-4e8a-9e72-73c614de679d",
              "parentUUID": "4e64e041-00e4-4372-a435-ba9d094b78d0",
              "isHook": false,
              "skipped": false
            }
          ],
          "suites": [],
          "passes": [],
          "failures": [],
          "pending": [
            "c338a9ba-4e03-48a4-b593-a8265340fd55",
            "51a0a204-3253-40e0-8cd2-185e8dc52aa1",
            "f6e2a6d5-65f6-43e4-be46-205b8edb195b",
            "315a00b5-fd65-4321-8958-2cb927acf54d",
            "297afbd1-2b86-4271-9c15-387ce4124d80",
            "43fa61c8-8f21-4891-af29-4a00a79dac21",
            "807098fe-5bab-4b7e-b47f-e49f65bed70b",
            "daf6c60f-bc35-461f-8fc3-4c4a88a099d0",
            "9b225100-e46b-4642-88e9-1b97e665a5e9",
            "1f90b8a2-e8d7-4709-95a1-77362f11105f",
            "1eaacda5-e4a4-4534-899b-d54eede3ccdf",
            "9a2bbc44-5ddb-4e8a-9e72-73c614de679d"
          ],
          "skipped": [],
          "duration": 0,
          "root": false,
          "rootEmpty": false,
          "_timeout": 2000
        }
      ],
      "passes": [],
      "failures": [],
      "pending": [],
      "skipped": [],
      "duration": 0,
      "root": true,
      "rootEmpty": true,
      "_timeout": 2000
    }
  ],
  "meta": {
    "mocha": {
      "version": "7.0.1"
    },
    "mochawesome": {
      "options": {
        "quiet": false,
        "reportFilename": "customReportFilename",
        "saveHtml": true,
        "saveJson": true,
        "consoleReporter": "spec",
        "useInlineDiffs": false,
        "code": true
      },
      "version": "6.2.2"
    },
    "marge": {
      "options": {
        "id": "default",
        "reportDir": "cypress/reports/mocha",
        "reportFilename": "customReportFilename",
        "quite": true,
        "overwrite": false,
        "html": true,
        "json": true,
        "video": false
      },
      "version": "5.2.0"
    }
  }
}