{
  "stats": {
    "suites": 1,
    "tests": 1,
    "passes": 0,
    "pending": 8,
    "failures": -7,
    "start": "2021-03-04T06:32:49.063Z",
    "end": "2021-03-04T06:32:58.434Z",
    "duration": 9371,
    "testsRegistered": 8,
    "passPercent": null,
    "pendingPercent": 100,
    "other": 7,
    "hasOther": true,
    "skipped": 7,
    "hasSkipped": true
  },
  "results": [
    {
      "uuid": "d4570a17-801e-47bf-a6d2-12ce4fa356cd",
      "title": "",
      "fullFile": "cypress\\e2e\\Home.spec.js",
      "file": "cypress\\e2e\\Home.spec.js",
      "beforeHooks": [],
      "afterHooks": [],
      "tests": [],
      "suites": [
        {
          "uuid": "d6f68ba3-9ae3-4aad-b92e-58236eba607e",
          "title": "Apollo Landing Page (Projects Page)",
          "fullFile": "",
          "file": "",
          "beforeHooks": [],
          "afterHooks": [],
          "tests": [
            {
              "title": "Should verify the apollo home page",
              "fullTitle": "Apollo Landing Page (Projects Page) Should verify the apollo home page",
              "timedOut": null,
              "duration": 0,
              "state": "pending",
              "speed": null,
              "pass": false,
              "fail": false,
              "pending": true,
              "context": null,
              "code": "",
              "err": {},
              "uuid": "38cd5da9-87a1-4bfc-b48c-c6f9bda45f3a",
              "parentUUID": "d6f68ba3-9ae3-4aad-b92e-58236eba607e",
              "isHook": false,
              "skipped": false
            },
            {
              "title": "Should verify the Settings menu",
              "fullTitle": "Apollo Landing Page (Projects Page) Should verify the Settings menu",
              "timedOut": null,
              "duration": 0,
              "state": "pending",
              "speed": null,
              "pass": false,
              "fail": false,
              "pending": true,
              "context": null,
              "code": "",
              "err": {},
              "uuid": "7b907159-91a2-46cd-b4cc-f70d80c1a338",
              "parentUUID": "d6f68ba3-9ae3-4aad-b92e-58236eba607e",
              "isHook": false,
              "skipped": false
            },
            {
              "title": "Should verify the core service landing pages from Settings menu",
              "fullTitle": "Apollo Landing Page (Projects Page) Should verify the core service landing pages from Settings menu",
              "timedOut": null,
              "duration": 0,
              "state": "pending",
              "speed": null,
              "pass": false,
              "fail": false,
              "pending": true,
              "context": null,
              "code": "",
              "err": {},
              "uuid": "0fb6ce39-a2ec-4a25-aa30-40cad779c955",
              "parentUUID": "d6f68ba3-9ae3-4aad-b92e-58236eba607e",
              "isHook": false,
              "skipped": false
            },
            {
              "title": "Should verify the Budget landing pages from Settings menu ",
              "fullTitle": "Apollo Landing Page (Projects Page) Should verify the Budget landing pages from Settings menu ",
              "timedOut": null,
              "duration": 0,
              "state": "pending",
              "speed": null,
              "pass": false,
              "fail": false,
              "pending": true,
              "context": null,
              "code": "",
              "err": {},
              "uuid": "2161cb28-bfcd-43f3-97e8-94cf15bdd536",
              "parentUUID": "d6f68ba3-9ae3-4aad-b92e-58236eba607e",
              "isHook": false,
              "skipped": false
            },
            {
              "title": "Should verify the Schedule landing pages from Settings menu ",
              "fullTitle": "Apollo Landing Page (Projects Page) Should verify the Schedule landing pages from Settings menu ",
              "timedOut": null,
              "duration": 0,
              "state": "pending",
              "speed": null,
              "pass": false,
              "fail": false,
              "pending": true,
              "context": null,
              "code": "",
              "err": {},
              "uuid": "69d6b587-fd74-4dd6-9bc7-2b355040454d",
              "parentUUID": "d6f68ba3-9ae3-4aad-b92e-58236eba607e",
              "isHook": false,
              "skipped": false
            },
            {
              "title": "Should verify the Collaboration landing pages from Settings menu",
              "fullTitle": "Apollo Landing Page (Projects Page) Should verify the Collaboration landing pages from Settings menu",
              "timedOut": null,
              "duration": 0,
              "state": "pending",
              "speed": null,
              "pass": false,
              "fail": false,
              "pending": true,
              "context": null,
              "code": "",
              "err": {},
              "uuid": "02ef20d5-6e05-42be-a38d-2d211d7595a0",
              "parentUUID": "d6f68ba3-9ae3-4aad-b92e-58236eba607e",
              "isHook": false,
              "skipped": false
            },
            {
              "title": "Should able to edit profile of the user",
              "fullTitle": "Apollo Landing Page (Projects Page) Should able to edit profile of the user",
              "timedOut": null,
              "duration": 0,
              "state": "pending",
              "speed": null,
              "pass": false,
              "fail": false,
              "pending": true,
              "context": null,
              "code": "",
              "err": {},
              "uuid": "de6ae3e2-d4d7-4010-b723-fe664aa63711",
              "parentUUID": "d6f68ba3-9ae3-4aad-b92e-58236eba607e",
              "isHook": false,
              "skipped": false
            },
            {
              "title": "Should able to add profile photo while edit profile",
              "fullTitle": "Apollo Landing Page (Projects Page) Should able to add profile photo while edit profile",
              "timedOut": null,
              "duration": 0,
              "state": "pending",
              "speed": null,
              "pass": false,
              "fail": false,
              "pending": true,
              "context": null,
              "code": "",
              "err": {},
              "uuid": "1a76bc5a-fb74-42ab-b63a-a316832ca603",
              "parentUUID": "d6f68ba3-9ae3-4aad-b92e-58236eba607e",
              "isHook": false,
              "skipped": false
            }
          ],
          "suites": [],
          "passes": [],
          "failures": [],
          "pending": [
            "38cd5da9-87a1-4bfc-b48c-c6f9bda45f3a",
            "7b907159-91a2-46cd-b4cc-f70d80c1a338",
            "0fb6ce39-a2ec-4a25-aa30-40cad779c955",
            "2161cb28-bfcd-43f3-97e8-94cf15bdd536",
            "69d6b587-fd74-4dd6-9bc7-2b355040454d",
            "02ef20d5-6e05-42be-a38d-2d211d7595a0",
            "de6ae3e2-d4d7-4010-b723-fe664aa63711",
            "1a76bc5a-fb74-42ab-b63a-a316832ca603"
          ],
          "skipped": [],
          "duration": 0,
          "root": false,
          "rootEmpty": false,
          "_timeout": 2000
        }
      ],
      "passes": [],
      "failures": [],
      "pending": [],
      "skipped": [],
      "duration": 0,
      "root": true,
      "rootEmpty": true,
      "_timeout": 2000
    }
  ],
  "meta": {
    "mocha": {
      "version": "7.0.1"
    },
    "mochawesome": {
      "options": {
        "quiet": false,
        "reportFilename": "customReportFilename",
        "saveHtml": true,
        "saveJson": true,
        "consoleReporter": "spec",
        "useInlineDiffs": false,
        "code": true
      },
      "version": "6.2.2"
    },
    "marge": {
      "options": {
        "id": "default",
        "reportDir": "cypress/reports/mocha",
        "reportFilename": "customReportFilename",
        "quite": true,
        "overwrite": false,
        "html": true,
        "json": true,
        "video": false
      },
      "version": "5.2.0"
    }
  }
}