{
  "stats": {
    "suites": 1,
    "tests": 1,
    "passes": 0,
    "pending": 17,
    "failures": -16,
    "start": "2021-03-04T06:31:36.747Z",
    "end": "2021-03-04T06:31:45.231Z",
    "duration": 8484,
    "testsRegistered": 17,
    "passPercent": null,
    "pendingPercent": 100,
    "other": 16,
    "hasOther": true,
    "skipped": 16,
    "hasSkipped": true
  },
  "results": [
    {
      "uuid": "872b76ac-2d0b-446c-8690-f5cd2b409aa9",
      "title": "",
      "fullFile": "cypress\\e2e\\Home_Distribution_Groups.spec.js",
      "file": "cypress\\e2e\\Home_Distribution_Groups.spec.js",
      "beforeHooks": [],
      "afterHooks": [],
      "tests": [],
      "suites": [
        {
          "uuid": "f015c1bb-05c6-499c-ab10-3d40d080c62f",
          "title": "Distribution groups",
          "fullFile": "",
          "file": "",
          "beforeHooks": [],
          "afterHooks": [],
          "tests": [
            {
              "title": "Should verify distribution group count",
              "fullTitle": "Distribution groups Should verify distribution group count",
              "timedOut": null,
              "duration": 0,
              "state": "pending",
              "speed": null,
              "pass": false,
              "fail": false,
              "pending": true,
              "context": null,
              "code": "",
              "err": {},
              "uuid": "97f6cfd2-3685-4c19-81f3-e5f7f55237d5",
              "parentUUID": "f015c1bb-05c6-499c-ab10-3d40d080c62f",
              "isHook": false,
              "skipped": false
            },
            {
              "title": "Should verify sorting arrows of Distribution group",
              "fullTitle": "Distribution groups Should verify sorting arrows of Distribution group",
              "timedOut": null,
              "duration": 0,
              "state": "pending",
              "speed": null,
              "pass": false,
              "fail": false,
              "pending": true,
              "context": null,
              "code": "",
              "err": {},
              "uuid": "96ec3ac3-b9e0-4ccc-aba6-6c9fe414de7a",
              "parentUUID": "f015c1bb-05c6-499c-ab10-3d40d080c62f",
              "isHook": false,
              "skipped": false
            },
            {
              "title": "Should verify sorting data of Distribution group",
              "fullTitle": "Distribution groups Should verify sorting data of Distribution group",
              "timedOut": null,
              "duration": 0,
              "state": "pending",
              "speed": null,
              "pass": false,
              "fail": false,
              "pending": true,
              "context": null,
              "code": "",
              "err": {},
              "uuid": "0543d10d-1af5-49d7-bf97-e16abf5e0345",
              "parentUUID": "f015c1bb-05c6-499c-ab10-3d40d080c62f",
              "isHook": false,
              "skipped": false
            },
            {
              "title": "Should verify grey background of pending while add new distribution group",
              "fullTitle": "Distribution groups Should verify grey background of pending while add new distribution group",
              "timedOut": null,
              "duration": 0,
              "state": "pending",
              "speed": null,
              "pass": false,
              "fail": false,
              "pending": true,
              "context": null,
              "code": "",
              "err": {},
              "uuid": "f9c75147-52e2-441f-b4d4-e46800708e06",
              "parentUUID": "f015c1bb-05c6-499c-ab10-3d40d080c62f",
              "isHook": false,
              "skipped": false
            },
            {
              "title": "Should verify no result found when searching deactivated user while add",
              "fullTitle": "Distribution groups Should verify no result found when searching deactivated user while add",
              "timedOut": null,
              "duration": 0,
              "state": "pending",
              "speed": null,
              "pass": false,
              "fail": false,
              "pending": true,
              "context": null,
              "code": "",
              "err": {},
              "uuid": "fc6b4ca4-ac09-44fc-bd4f-0307c852798c",
              "parentUUID": "f015c1bb-05c6-499c-ab10-3d40d080c62f",
              "isHook": false,
              "skipped": false
            },
            {
              "title": "Should verify add new distribution group",
              "fullTitle": "Distribution groups Should verify add new distribution group",
              "timedOut": null,
              "duration": 0,
              "state": "pending",
              "speed": null,
              "pass": false,
              "fail": false,
              "pending": true,
              "context": null,
              "code": "",
              "err": {},
              "uuid": "b1b3d0fc-b3aa-441f-83ee-582a9e61a73d",
              "parentUUID": "f015c1bb-05c6-499c-ab10-3d40d080c62f",
              "isHook": false,
              "skipped": false
            },
            {
              "title": "Should search specific distribution group",
              "fullTitle": "Distribution groups Should search specific distribution group",
              "timedOut": null,
              "duration": 0,
              "state": "pending",
              "speed": null,
              "pass": false,
              "fail": false,
              "pending": true,
              "context": null,
              "code": "",
              "err": {},
              "uuid": "ee8a49ba-ca5a-4450-b1a7-19b1b989e09b",
              "parentUUID": "f015c1bb-05c6-499c-ab10-3d40d080c62f",
              "isHook": false,
              "skipped": false
            },
            {
              "title": "Should verify grey background of pending while edit distribution group",
              "fullTitle": "Distribution groups Should verify grey background of pending while edit distribution group",
              "timedOut": null,
              "duration": 0,
              "state": "pending",
              "speed": null,
              "pass": false,
              "fail": false,
              "pending": true,
              "context": null,
              "code": "",
              "err": {},
              "uuid": "b2542dcb-24b9-4a41-970e-2134934f6c6e",
              "parentUUID": "f015c1bb-05c6-499c-ab10-3d40d080c62f",
              "isHook": false,
              "skipped": false
            },
            {
              "title": "Should verify no result found when searching deactivated user while edit",
              "fullTitle": "Distribution groups Should verify no result found when searching deactivated user while edit",
              "timedOut": null,
              "duration": 0,
              "state": "pending",
              "speed": null,
              "pass": false,
              "fail": false,
              "pending": true,
              "context": null,
              "code": "",
              "err": {},
              "uuid": "b2c41f04-e122-4af5-9d08-de059e1d8595",
              "parentUUID": "f015c1bb-05c6-499c-ab10-3d40d080c62f",
              "isHook": false,
              "skipped": false
            },
            {
              "title": "should able to edit distribution group",
              "fullTitle": "Distribution groups should able to edit distribution group",
              "timedOut": null,
              "duration": 0,
              "state": "pending",
              "speed": null,
              "pass": false,
              "fail": false,
              "pending": true,
              "context": null,
              "code": "",
              "err": {},
              "uuid": "72b328de-885b-48dd-8971-489a30989149",
              "parentUUID": "f015c1bb-05c6-499c-ab10-3d40d080c62f",
              "isHook": false,
              "skipped": false
            },
            {
              "title": "Should validate user list of distribution group",
              "fullTitle": "Distribution groups Should validate user list of distribution group",
              "timedOut": null,
              "duration": 0,
              "state": "pending",
              "speed": null,
              "pass": false,
              "fail": false,
              "pending": true,
              "context": null,
              "code": "",
              "err": {},
              "uuid": "576c84e2-fce0-4046-9798-cec201a10c33",
              "parentUUID": "f015c1bb-05c6-499c-ab10-3d40d080c62f",
              "isHook": false,
              "skipped": false
            },
            {
              "title": "Should verify already distribution group name exist message",
              "fullTitle": "Distribution groups Should verify already distribution group name exist message",
              "timedOut": null,
              "duration": 0,
              "state": "pending",
              "speed": null,
              "pass": false,
              "fail": false,
              "pending": true,
              "context": null,
              "code": "",
              "err": {},
              "uuid": "3481be4a-d7fa-4d81-b0ec-b9c73b1e6f99",
              "parentUUID": "f015c1bb-05c6-499c-ab10-3d40d080c62f",
              "isHook": false,
              "skipped": false
            },
            {
              "title": "Should verify no result found message while searching non existing D-group",
              "fullTitle": "Distribution groups Should verify no result found message while searching non existing D-group",
              "timedOut": null,
              "duration": 0,
              "state": "pending",
              "speed": null,
              "pass": false,
              "fail": false,
              "pending": true,
              "context": null,
              "code": "",
              "err": {},
              "uuid": "acac39fb-4d02-4558-ae47-90c6c96f092e",
              "parentUUID": "f015c1bb-05c6-499c-ab10-3d40d080c62f",
              "isHook": false,
              "skipped": false
            },
            {
              "title": "Should display distribution group name exist message while editing",
              "fullTitle": "Distribution groups Should display distribution group name exist message while editing",
              "timedOut": null,
              "duration": 0,
              "state": "pending",
              "speed": null,
              "pass": false,
              "fail": false,
              "pending": true,
              "context": null,
              "code": "",
              "err": {},
              "uuid": "b9c6c4c8-2b12-469a-9e28-6972ad338fe4",
              "parentUUID": "f015c1bb-05c6-499c-ab10-3d40d080c62f",
              "isHook": false,
              "skipped": false
            },
            {
              "title": "Should verify color change of pending in user list",
              "fullTitle": "Distribution groups Should verify color change of pending in user list",
              "timedOut": null,
              "duration": 0,
              "state": "pending",
              "speed": null,
              "pass": false,
              "fail": false,
              "pending": true,
              "context": null,
              "code": "",
              "err": {},
              "uuid": "ffbd3fbf-c9d2-4a5a-8529-39a8d9bc04de",
              "parentUUID": "f015c1bb-05c6-499c-ab10-3d40d080c62f",
              "isHook": false,
              "skipped": false
            },
            {
              "title": "Should able to delete distribution group and search delete user",
              "fullTitle": "Distribution groups Should able to delete distribution group and search delete user",
              "timedOut": null,
              "duration": 0,
              "state": "pending",
              "speed": null,
              "pass": false,
              "fail": false,
              "pending": true,
              "context": null,
              "code": "",
              "err": {},
              "uuid": "32c571cf-a479-49cb-bfe6-d314e0fd88d9",
              "parentUUID": "f015c1bb-05c6-499c-ab10-3d40d080c62f",
              "isHook": false,
              "skipped": false
            },
            {
              "title": "Should validate count of user when deactivated pending user",
              "fullTitle": "Distribution groups Should validate count of user when deactivated pending user",
              "timedOut": null,
              "duration": 0,
              "state": "pending",
              "speed": null,
              "pass": false,
              "fail": false,
              "pending": true,
              "context": null,
              "code": "",
              "err": {},
              "uuid": "5c71b386-5193-430f-b834-cd5de211fbaa",
              "parentUUID": "f015c1bb-05c6-499c-ab10-3d40d080c62f",
              "isHook": false,
              "skipped": false
            }
          ],
          "suites": [],
          "passes": [],
          "failures": [],
          "pending": [
            "97f6cfd2-3685-4c19-81f3-e5f7f55237d5",
            "96ec3ac3-b9e0-4ccc-aba6-6c9fe414de7a",
            "0543d10d-1af5-49d7-bf97-e16abf5e0345",
            "f9c75147-52e2-441f-b4d4-e46800708e06",
            "fc6b4ca4-ac09-44fc-bd4f-0307c852798c",
            "b1b3d0fc-b3aa-441f-83ee-582a9e61a73d",
            "ee8a49ba-ca5a-4450-b1a7-19b1b989e09b",
            "b2542dcb-24b9-4a41-970e-2134934f6c6e",
            "b2c41f04-e122-4af5-9d08-de059e1d8595",
            "72b328de-885b-48dd-8971-489a30989149",
            "576c84e2-fce0-4046-9798-cec201a10c33",
            "3481be4a-d7fa-4d81-b0ec-b9c73b1e6f99",
            "acac39fb-4d02-4558-ae47-90c6c96f092e",
            "b9c6c4c8-2b12-469a-9e28-6972ad338fe4",
            "ffbd3fbf-c9d2-4a5a-8529-39a8d9bc04de",
            "32c571cf-a479-49cb-bfe6-d314e0fd88d9",
            "5c71b386-5193-430f-b834-cd5de211fbaa"
          ],
          "skipped": [],
          "duration": 0,
          "root": false,
          "rootEmpty": false,
          "_timeout": 2000
        }
      ],
      "passes": [],
      "failures": [],
      "pending": [],
      "skipped": [],
      "duration": 0,
      "root": true,
      "rootEmpty": true,
      "_timeout": 2000
    }
  ],
  "meta": {
    "mocha": {
      "version": "7.0.1"
    },
    "mochawesome": {
      "options": {
        "quiet": false,
        "reportFilename": "customReportFilename",
        "saveHtml": true,
        "saveJson": true,
        "consoleReporter": "spec",
        "useInlineDiffs": false,
        "code": true
      },
      "version": "6.2.2"
    },
    "marge": {
      "options": {
        "id": "default",
        "reportDir": "cypress/reports/mocha",
        "reportFilename": "customReportFilename",
        "quite": true,
        "overwrite": false,
        "html": true,
        "json": true,
        "video": false
      },
      "version": "5.2.0"
    }
  }
}