{
  "stats": {
    "suites": 1,
    "tests": 1,
    "passes": 1,
    "pending": 0,
    "failures": 0,
    "start": "2021-03-04T06:31:20.876Z",
    "end": "2021-03-04T06:31:31.791Z",
    "duration": 10915,
    "testsRegistered": 1,
    "passPercent": 100,
    "pendingPercent": 0,
    "other": 0,
    "hasOther": false,
    "skipped": 0,
    "hasSkipped": false
  },
  "results": [
    {
      "uuid": "2a9fa130-e8ec-4819-9d55-32ccbf8de7cf",
      "title": "",
      "fullFile": "cypress\\e2e\\Home_Configuration.spec.js",
      "file": "cypress\\e2e\\Home_Configuration.spec.js",
      "beforeHooks": [],
      "afterHooks": [],
      "tests": [],
      "suites": [
        {
          "uuid": "dc32864e-462f-43ae-833a-3f4e168f66bf",
          "title": "Configurations",
          "fullFile": "",
          "file": "",
          "beforeHooks": [],
          "afterHooks": [],
          "tests": [
            {
              "title": "should search for Non-Exist project configuration and validate Error message",
              "fullTitle": "Configurations should search for Non-Exist project configuration and validate Error message",
              "timedOut": null,
              "duration": 7473,
              "state": "passed",
              "speed": "slow",
              "pass": true,
              "fail": false,
              "pending": false,
              "context": null,
              "code": "cy.enterText('Project Type-input', configConstants.SEARCH_NON_EXIST).get('.section-center').should('contain.text', ' No results found').findByDataCy('Project Type-input').clear();",
              "err": {},
              "uuid": "520ac9d8-8fe1-4bec-b445-2a3f27ac0345",
              "parentUUID": "dc32864e-462f-43ae-833a-3f4e168f66bf",
              "isHook": false,
              "skipped": false
            }
          ],
          "suites": [],
          "passes": [
            "520ac9d8-8fe1-4bec-b445-2a3f27ac0345"
          ],
          "failures": [],
          "pending": [],
          "skipped": [],
          "duration": 7473,
          "root": false,
          "rootEmpty": false,
          "_timeout": 2000
        }
      ],
      "passes": [],
      "failures": [],
      "pending": [],
      "skipped": [],
      "duration": 0,
      "root": true,
      "rootEmpty": true,
      "_timeout": 2000
    }
  ],
  "meta": {
    "mocha": {
      "version": "7.0.1"
    },
    "mochawesome": {
      "options": {
        "quiet": false,
        "reportFilename": "customReportFilename",
        "saveHtml": true,
        "saveJson": true,
        "consoleReporter": "spec",
        "useInlineDiffs": false,
        "code": true
      },
      "version": "6.2.2"
    },
    "marge": {
      "options": {
        "id": "default",
        "reportDir": "cypress/reports/mocha",
        "reportFilename": "customReportFilename",
        "quite": true,
        "overwrite": false,
        "html": true,
        "json": true,
        "video": false
      },
      "version": "5.2.0"
    }
  }
}