{
  "stats": {
    "suites": 1,
    "tests": 1,
    "passes": 0,
    "pending": 11,
    "failures": -10,
    "start": "2021-03-04T06:32:04.381Z",
    "end": "2021-03-04T06:32:12.414Z",
    "duration": 8033,
    "testsRegistered": 11,
    "passPercent": null,
    "pendingPercent": 100,
    "other": 10,
    "hasOther": true,
    "skipped": 10,
    "hasSkipped": true
  },
  "results": [
    {
      "uuid": "0cb7ba1c-589a-41d0-8ffd-e37fc4d1f9d4",
      "title": "",
      "fullFile": "cypress\\e2e\\Home_Roles.spec.js",
      "file": "cypress\\e2e\\Home_Roles.spec.js",
      "beforeHooks": [],
      "afterHooks": [],
      "tests": [],
      "suites": [
        {
          "uuid": "da4931b0-c47d-474c-a3d1-8dd5f1b48ecd",
          "title": "Roles",
          "fullFile": "",
          "file": "",
          "beforeHooks": [],
          "afterHooks": [],
          "tests": [
            {
              "title": "Should verify roles page and default roles",
              "fullTitle": "Roles Should verify roles page and default roles",
              "timedOut": null,
              "duration": 0,
              "state": "pending",
              "speed": null,
              "pass": false,
              "fail": false,
              "pending": true,
              "context": null,
              "code": "",
              "err": {},
              "uuid": "5f0912d6-c898-435e-b89f-bd156b2bada9",
              "parentUUID": "da4931b0-c47d-474c-a3d1-8dd5f1b48ecd",
              "isHook": false,
              "skipped": false
            },
            {
              "title": "Should check for duplicate Tenant and Project user",
              "fullTitle": "Roles Should check for duplicate Tenant and Project user",
              "timedOut": null,
              "duration": 0,
              "state": "pending",
              "speed": null,
              "pass": false,
              "fail": false,
              "pending": true,
              "context": null,
              "code": "",
              "err": {},
              "uuid": "d0cff23b-3324-4a5f-98ee-316d5270d5c2",
              "parentUUID": "da4931b0-c47d-474c-a3d1-8dd5f1b48ecd",
              "isHook": false,
              "skipped": false
            },
            {
              "title": "Should verify Tenant-General settings roles",
              "fullTitle": "Roles Should verify Tenant-General settings roles",
              "timedOut": null,
              "duration": 0,
              "state": "pending",
              "speed": null,
              "pass": false,
              "fail": false,
              "pending": true,
              "context": null,
              "code": "",
              "err": {},
              "uuid": "4caf58d0-a5bf-43d2-a051-af65ba480886",
              "parentUUID": "da4931b0-c47d-474c-a3d1-8dd5f1b48ecd",
              "isHook": false,
              "skipped": false
            },
            {
              "title": "Should verify Tenant-Budgeting roles",
              "fullTitle": "Roles Should verify Tenant-Budgeting roles",
              "timedOut": null,
              "duration": 0,
              "state": "pending",
              "speed": null,
              "pass": false,
              "fail": false,
              "pending": true,
              "context": null,
              "code": "",
              "err": {},
              "uuid": "2c9dbc9f-58d4-499e-b223-36c8d1be330a",
              "parentUUID": "da4931b0-c47d-474c-a3d1-8dd5f1b48ecd",
              "isHook": false,
              "skipped": false
            },
            {
              "title": "Should verify Tenant-Collaboration roles",
              "fullTitle": "Roles Should verify Tenant-Collaboration roles",
              "timedOut": null,
              "duration": 0,
              "state": "pending",
              "speed": null,
              "pass": false,
              "fail": false,
              "pending": true,
              "context": null,
              "code": "",
              "err": {},
              "uuid": "f57dd2bd-78dd-4108-9b69-374e572f9d03",
              "parentUUID": "da4931b0-c47d-474c-a3d1-8dd5f1b48ecd",
              "isHook": false,
              "skipped": false
            },
            {
              "title": "Should verfiy Tenant-Scheduler roles",
              "fullTitle": "Roles Should verfiy Tenant-Scheduler roles",
              "timedOut": null,
              "duration": 0,
              "state": "pending",
              "speed": null,
              "pass": false,
              "fail": false,
              "pending": true,
              "context": null,
              "code": "",
              "err": {},
              "uuid": "5d54ffef-d450-4917-b467-15fb703289f2",
              "parentUUID": "da4931b0-c47d-474c-a3d1-8dd5f1b48ecd",
              "isHook": false,
              "skipped": false
            },
            {
              "title": "Should verify Project-General settings roles",
              "fullTitle": "Roles Should verify Project-General settings roles",
              "timedOut": null,
              "duration": 0,
              "state": "pending",
              "speed": null,
              "pass": false,
              "fail": false,
              "pending": true,
              "context": null,
              "code": "",
              "err": {},
              "uuid": "b1192ce3-c78e-4acf-aed7-87bab257e1a3",
              "parentUUID": "da4931b0-c47d-474c-a3d1-8dd5f1b48ecd",
              "isHook": false,
              "skipped": false
            },
            {
              "title": "Should verify Project-Budgeting roles",
              "fullTitle": "Roles Should verify Project-Budgeting roles",
              "timedOut": null,
              "duration": 0,
              "state": "pending",
              "speed": null,
              "pass": false,
              "fail": false,
              "pending": true,
              "context": null,
              "code": "",
              "err": {},
              "uuid": "f92f67d0-da85-4de1-b14d-775495bda1dc",
              "parentUUID": "da4931b0-c47d-474c-a3d1-8dd5f1b48ecd",
              "isHook": false,
              "skipped": false
            },
            {
              "title": "Should verify Project-Collaboration roles",
              "fullTitle": "Roles Should verify Project-Collaboration roles",
              "timedOut": null,
              "duration": 0,
              "state": "pending",
              "speed": null,
              "pass": false,
              "fail": false,
              "pending": true,
              "context": null,
              "code": "",
              "err": {},
              "uuid": "0b55575f-abaa-4c76-b3bf-a3eda62aef60",
              "parentUUID": "da4931b0-c47d-474c-a3d1-8dd5f1b48ecd",
              "isHook": false,
              "skipped": false
            },
            {
              "title": "Should verify Project-Drawings roles",
              "fullTitle": "Roles Should verify Project-Drawings roles",
              "timedOut": null,
              "duration": 0,
              "state": "pending",
              "speed": null,
              "pass": false,
              "fail": false,
              "pending": true,
              "context": null,
              "code": "",
              "err": {},
              "uuid": "33b94792-b3a7-47f7-8560-14fe71bd6525",
              "parentUUID": "da4931b0-c47d-474c-a3d1-8dd5f1b48ecd",
              "isHook": false,
              "skipped": false
            },
            {
              "title": "Should verify Project-Scheduler roles",
              "fullTitle": "Roles Should verify Project-Scheduler roles",
              "timedOut": null,
              "duration": 0,
              "state": "pending",
              "speed": null,
              "pass": false,
              "fail": false,
              "pending": true,
              "context": null,
              "code": "",
              "err": {},
              "uuid": "c2ecc0a7-09aa-4f11-b017-ca27bfd3355b",
              "parentUUID": "da4931b0-c47d-474c-a3d1-8dd5f1b48ecd",
              "isHook": false,
              "skipped": false
            }
          ],
          "suites": [],
          "passes": [],
          "failures": [],
          "pending": [
            "5f0912d6-c898-435e-b89f-bd156b2bada9",
            "d0cff23b-3324-4a5f-98ee-316d5270d5c2",
            "4caf58d0-a5bf-43d2-a051-af65ba480886",
            "2c9dbc9f-58d4-499e-b223-36c8d1be330a",
            "f57dd2bd-78dd-4108-9b69-374e572f9d03",
            "5d54ffef-d450-4917-b467-15fb703289f2",
            "b1192ce3-c78e-4acf-aed7-87bab257e1a3",
            "f92f67d0-da85-4de1-b14d-775495bda1dc",
            "0b55575f-abaa-4c76-b3bf-a3eda62aef60",
            "33b94792-b3a7-47f7-8560-14fe71bd6525",
            "c2ecc0a7-09aa-4f11-b017-ca27bfd3355b"
          ],
          "skipped": [],
          "duration": 0,
          "root": false,
          "rootEmpty": false,
          "_timeout": 2000
        }
      ],
      "passes": [],
      "failures": [],
      "pending": [],
      "skipped": [],
      "duration": 0,
      "root": true,
      "rootEmpty": true,
      "_timeout": 2000
    }
  ],
  "meta": {
    "mocha": {
      "version": "7.0.1"
    },
    "mochawesome": {
      "options": {
        "quiet": false,
        "reportFilename": "customReportFilename",
        "saveHtml": true,
        "saveJson": true,
        "consoleReporter": "spec",
        "useInlineDiffs": false,
        "code": true
      },
      "version": "6.2.2"
    },
    "marge": {
      "options": {
        "id": "default",
        "reportDir": "cypress/reports/mocha",
        "reportFilename": "customReportFilename",
        "quite": true,
        "overwrite": false,
        "html": true,
        "json": true,
        "video": false
      },
      "version": "5.2.0"
    }
  }
}