{
  "stats": {
    "suites": 1,
    "tests": 1,
    "passes": 0,
    "pending": 7,
    "failures": -6,
    "start": "2021-03-04T06:32:33.497Z",
    "end": "2021-03-04T06:32:42.876Z",
    "duration": 9379,
    "testsRegistered": 7,
    "passPercent": null,
    "pendingPercent": 100,
    "other": 6,
    "hasOther": true,
    "skipped": 6,
    "hasSkipped": true
  },
  "results": [
    {
      "uuid": "d8b48ba8-d3c2-41ce-b934-b4b50303b540",
      "title": "",
      "fullFile": "cypress\\e2e\\Home_Workflow_Template.spec.js",
      "file": "cypress\\e2e\\Home_Workflow_Template.spec.js",
      "beforeHooks": [],
      "afterHooks": [],
      "tests": [],
      "suites": [
        {
          "uuid": "db8a80f6-4ad0-4ea6-a4b2-54ea23d16300",
          "title": "Workflow Templates",
          "fullFile": "",
          "file": "",
          "beforeHooks": [],
          "afterHooks": [],
          "tests": [
            {
              "title": "Should verify workflow template landing page and sorting",
              "fullTitle": "Workflow Templates Should verify workflow template landing page and sorting",
              "timedOut": null,
              "duration": 0,
              "state": "pending",
              "speed": null,
              "pass": false,
              "fail": false,
              "pending": true,
              "context": null,
              "code": "",
              "err": {},
              "uuid": "1cd97bbe-9c10-4656-836b-4be15ffb2a29",
              "parentUUID": "db8a80f6-4ad0-4ea6-a4b2-54ea23d16300",
              "isHook": false,
              "skipped": false
            },
            {
              "title": "Should verify workflow template counts",
              "fullTitle": "Workflow Templates Should verify workflow template counts",
              "timedOut": null,
              "duration": 0,
              "state": "pending",
              "speed": null,
              "pass": false,
              "fail": false,
              "pending": true,
              "context": null,
              "code": "",
              "err": {},
              "uuid": "1828b741-fd4e-42d1-a682-f04bec59dfa7",
              "parentUUID": "db8a80f6-4ad0-4ea6-a4b2-54ea23d16300",
              "isHook": false,
              "skipped": false
            },
            {
              "title": "Should create new workflow template",
              "fullTitle": "Workflow Templates Should create new workflow template",
              "timedOut": null,
              "duration": 0,
              "state": "pending",
              "speed": null,
              "pass": false,
              "fail": false,
              "pending": true,
              "context": null,
              "code": "",
              "err": {},
              "uuid": "631de6e4-0865-4e63-84df-8e5a4bd4df0d",
              "parentUUID": "db8a80f6-4ad0-4ea6-a4b2-54ea23d16300",
              "isHook": false,
              "skipped": false
            },
            {
              "title": "Should show proper message when searched for non-existent workflow template",
              "fullTitle": "Workflow Templates Should show proper message when searched for non-existent workflow template",
              "timedOut": null,
              "duration": 0,
              "state": "pending",
              "speed": null,
              "pass": false,
              "fail": false,
              "pending": true,
              "context": null,
              "code": "",
              "err": {},
              "uuid": "0ec7ae32-02ce-41c1-9c21-cbb4b329d260",
              "parentUUID": "db8a80f6-4ad0-4ea6-a4b2-54ea23d16300",
              "isHook": false,
              "skipped": false
            },
            {
              "title": "Should Search for created workflow template",
              "fullTitle": "Workflow Templates Should Search for created workflow template",
              "timedOut": null,
              "duration": 0,
              "state": "pending",
              "speed": null,
              "pass": false,
              "fail": false,
              "pending": true,
              "context": null,
              "code": "",
              "err": {},
              "uuid": "6ea0b94d-deec-4289-afc1-1be2bfefb4b7",
              "parentUUID": "db8a80f6-4ad0-4ea6-a4b2-54ea23d16300",
              "isHook": false,
              "skipped": false
            },
            {
              "title": "Should validate for duplicate workflow template",
              "fullTitle": "Workflow Templates Should validate for duplicate workflow template",
              "timedOut": null,
              "duration": 0,
              "state": "pending",
              "speed": null,
              "pass": false,
              "fail": false,
              "pending": true,
              "context": null,
              "code": "",
              "err": {},
              "uuid": "4cb15c2f-0ca2-48d0-98c2-8f26a596b8a1",
              "parentUUID": "db8a80f6-4ad0-4ea6-a4b2-54ea23d16300",
              "isHook": false,
              "skipped": false
            },
            {
              "title": "Should edit and delete workflow template",
              "fullTitle": "Workflow Templates Should edit and delete workflow template",
              "timedOut": null,
              "duration": 0,
              "state": "pending",
              "speed": null,
              "pass": false,
              "fail": false,
              "pending": true,
              "context": null,
              "code": "",
              "err": {},
              "uuid": "c50a0043-ed8e-4d5a-adc9-73db56f10dae",
              "parentUUID": "db8a80f6-4ad0-4ea6-a4b2-54ea23d16300",
              "isHook": false,
              "skipped": false
            }
          ],
          "suites": [],
          "passes": [],
          "failures": [],
          "pending": [
            "1cd97bbe-9c10-4656-836b-4be15ffb2a29",
            "1828b741-fd4e-42d1-a682-f04bec59dfa7",
            "631de6e4-0865-4e63-84df-8e5a4bd4df0d",
            "0ec7ae32-02ce-41c1-9c21-cbb4b329d260",
            "6ea0b94d-deec-4289-afc1-1be2bfefb4b7",
            "4cb15c2f-0ca2-48d0-98c2-8f26a596b8a1",
            "c50a0043-ed8e-4d5a-adc9-73db56f10dae"
          ],
          "skipped": [],
          "duration": 0,
          "root": false,
          "rootEmpty": false,
          "_timeout": 2000
        }
      ],
      "passes": [],
      "failures": [],
      "pending": [],
      "skipped": [],
      "duration": 0,
      "root": true,
      "rootEmpty": true,
      "_timeout": 2000
    }
  ],
  "meta": {
    "mocha": {
      "version": "7.0.1"
    },
    "mochawesome": {
      "options": {
        "quiet": false,
        "reportFilename": "customReportFilename",
        "saveHtml": true,
        "saveJson": true,
        "consoleReporter": "spec",
        "useInlineDiffs": false,
        "code": true
      },
      "version": "6.2.2"
    },
    "marge": {
      "options": {
        "id": "default",
        "reportDir": "cypress/reports/mocha",
        "reportFilename": "customReportFilename",
        "quite": true,
        "overwrite": false,
        "html": true,
        "json": true,
        "video": false
      },
      "version": "5.2.0"
    }
  }
}