{
  "stats": {
    "suites": 1,
    "tests": 1,
    "passes": 1,
    "pending": 0,
    "failures": 0,
    "start": "2021-03-04T06:31:00.518Z",
    "end": "2021-03-04T06:31:15.530Z",
    "duration": 15012,
    "testsRegistered": 1,
    "passPercent": 100,
    "pendingPercent": 0,
    "other": 0,
    "hasOther": false,
    "skipped": 0,
    "hasSkipped": false
  },
  "results": [
    {
      "uuid": "d5cf39e2-0475-4fdc-a5d9-7ae532333d1d",
      "title": "",
      "fullFile": "cypress\\e2e\\Home_company_Directory.spec.js",
      "file": "cypress\\e2e\\Home_company_Directory.spec.js",
      "beforeHooks": [],
      "afterHooks": [],
      "tests": [],
      "suites": [
        {
          "uuid": "ab0c4175-bbe4-4afd-9d4d-fd429bd079d7",
          "title": "Company directory",
          "fullFile": "",
          "file": "",
          "beforeHooks": [],
          "afterHooks": [],
          "tests": [
            {
              "title": "Should verify company directory landing page and sorting",
              "fullTitle": "Company directory Should verify company directory landing page and sorting",
              "timedOut": null,
              "duration": 9079,
              "state": "passed",
              "speed": "slow",
              "pass": true,
              "fail": false,
              "pending": false,
              "context": null,
              "code": "visitCompanyDirectory();\ncy.get('.ui-menuitem-text').should('contain.text', 'Company Directory');\ncy.wait('@getCompanyCount').then(function (xhr) {\n  var companiesCounts = xhr.response.body.data;\n  cy.findByText('Companies ' + '(' + companiesCounts + ')').should('exist');\n});\ncy.findByPlaceholderText('Search Name').should('exist');\ncy.findByDataCy('addNewCompany').should('exist');\ncy.clickElement('idSort');\ncy.get('[data-cy=idSort] > #subHeader > .pull-right > .arrow').should('exist');\ncy.findByText('Id').should('exist');\ncy.findByText('Company Name').should('exist');\ncy.findByText('ERP Name').should('exist');\ncy.findByText('Trade').should('exist');\ncy.findByText('Address').should('exist');\ncy.findByText('Points of Contact').should('exist');\ncy.findByText('Phone Number').should('exist');\ncy.findByText('Email').should('exist');",
              "err": {},
              "uuid": "cdd01ad5-4b64-4d6a-a021-76dc04bed9f5",
              "parentUUID": "ab0c4175-bbe4-4afd-9d4d-fd429bd079d7",
              "isHook": false,
              "skipped": false
            }
          ],
          "suites": [],
          "passes": [
            "cdd01ad5-4b64-4d6a-a021-76dc04bed9f5"
          ],
          "failures": [],
          "pending": [],
          "skipped": [],
          "duration": 9079,
          "root": false,
          "rootEmpty": false,
          "_timeout": 2000
        }
      ],
      "passes": [],
      "failures": [],
      "pending": [],
      "skipped": [],
      "duration": 0,
      "root": true,
      "rootEmpty": true,
      "_timeout": 2000
    }
  ],
  "meta": {
    "mocha": {
      "version": "7.0.1"
    },
    "mochawesome": {
      "options": {
        "quiet": false,
        "reportFilename": "customReportFilename",
        "saveHtml": true,
        "saveJson": true,
        "consoleReporter": "spec",
        "useInlineDiffs": false,
        "code": true
      },
      "version": "6.2.2"
    },
    "marge": {
      "options": {
        "id": "default",
        "reportDir": "cypress/reports/mocha",
        "reportFilename": "customReportFilename",
        "quite": true,
        "overwrite": false,
        "html": true,
        "json": true,
        "video": false
      },
      "version": "5.2.0"
    }
  }
}