{
  "stats": {
    "suites": 1,
    "tests": 1,
    "passes": 0,
    "pending": 19,
    "failures": -18,
    "start": "2021-03-04T06:32:17.458Z",
    "end": "2021-03-04T06:32:28.730Z",
    "duration": 11272,
    "testsRegistered": 19,
    "passPercent": null,
    "pendingPercent": 100,
    "other": 18,
    "hasOther": true,
    "skipped": 18,
    "hasSkipped": true
  },
  "results": [
    {
      "uuid": "10ae5a20-7bcd-4559-8e53-1450c17a5f05",
      "title": "",
      "fullFile": "cypress\\e2e\\Home_user_Directory.spec.js",
      "file": "cypress\\e2e\\Home_user_Directory.spec.js",
      "beforeHooks": [],
      "afterHooks": [],
      "tests": [],
      "suites": [
        {
          "uuid": "3c6a96fa-796f-44cd-b92d-f4db16f4f9be",
          "title": "User directory",
          "fullFile": "",
          "file": "",
          "beforeHooks": [],
          "afterHooks": [],
          "tests": [
            {
              "title": "Should verify users count",
              "fullTitle": "User directory Should verify users count",
              "timedOut": null,
              "duration": 0,
              "state": "pending",
              "speed": null,
              "pass": false,
              "fail": false,
              "pending": true,
              "context": null,
              "code": "",
              "err": {},
              "uuid": "d5e90bd5-1f88-4bb2-a0c4-7b391b1340c3",
              "parentUUID": "3c6a96fa-796f-44cd-b92d-f4db16f4f9be",
              "isHook": false,
              "skipped": false
            },
            {
              "title": "Should able to add user and check user count and status",
              "fullTitle": "User directory Should able to add user and check user count and status",
              "timedOut": null,
              "duration": 0,
              "state": "pending",
              "speed": null,
              "pass": false,
              "fail": false,
              "pending": true,
              "context": null,
              "code": "",
              "err": {},
              "uuid": "d73111a6-805a-48e0-a371-334d4590f74c",
              "parentUUID": "3c6a96fa-796f-44cd-b92d-f4db16f4f9be",
              "isHook": false,
              "skipped": false
            },
            {
              "title": "Should verify sorting arrows of Email",
              "fullTitle": "User directory Should verify sorting arrows of Email",
              "timedOut": null,
              "duration": 0,
              "state": "pending",
              "speed": null,
              "pass": false,
              "fail": false,
              "pending": true,
              "context": null,
              "code": "",
              "err": {},
              "uuid": "82ab864f-787a-428d-9fe7-f80127a3a88a",
              "parentUUID": "3c6a96fa-796f-44cd-b92d-f4db16f4f9be",
              "isHook": false,
              "skipped": false
            },
            {
              "title": "Should verify sorting data of Email",
              "fullTitle": "User directory Should verify sorting data of Email",
              "timedOut": null,
              "duration": 0,
              "state": "pending",
              "speed": null,
              "pass": false,
              "fail": false,
              "pending": true,
              "context": null,
              "code": "",
              "err": {},
              "uuid": "9a1ff9c8-8af1-444d-a9ed-e58611b6704b",
              "parentUUID": "3c6a96fa-796f-44cd-b92d-f4db16f4f9be",
              "isHook": false,
              "skipped": false
            },
            {
              "title": "Should verify displayed message if no assigned projects of accepted user",
              "fullTitle": "User directory Should verify displayed message if no assigned projects of accepted user",
              "timedOut": null,
              "duration": 0,
              "state": "pending",
              "speed": null,
              "pass": false,
              "fail": false,
              "pending": true,
              "context": null,
              "code": "",
              "err": {},
              "uuid": "4e49ec2d-70e4-4224-8acf-3d425576df28",
              "parentUUID": "3c6a96fa-796f-44cd-b92d-f4db16f4f9be",
              "isHook": false,
              "skipped": false
            },
            {
              "title": "Should able to assign new projects to accepted user",
              "fullTitle": "User directory Should able to assign new projects to accepted user",
              "timedOut": null,
              "duration": 0,
              "state": "pending",
              "speed": null,
              "pass": false,
              "fail": false,
              "pending": true,
              "context": null,
              "code": "",
              "err": {},
              "uuid": "7fcdb2cc-9e9a-4c47-a017-04add5e9fe0b",
              "parentUUID": "3c6a96fa-796f-44cd-b92d-f4db16f4f9be",
              "isHook": false,
              "skipped": false
            },
            {
              "title": "Should able to remove assigned projects of user",
              "fullTitle": "User directory Should able to remove assigned projects of user",
              "timedOut": null,
              "duration": 0,
              "state": "pending",
              "speed": null,
              "pass": false,
              "fail": false,
              "pending": true,
              "context": null,
              "code": "",
              "err": {},
              "uuid": "627002df-7c66-4c52-92a0-f38ecdbe923c",
              "parentUUID": "3c6a96fa-796f-44cd-b92d-f4db16f4f9be",
              "isHook": false,
              "skipped": false
            },
            {
              "title": "Should able to assign new projects to pending user",
              "fullTitle": "User directory Should able to assign new projects to pending user",
              "timedOut": null,
              "duration": 0,
              "state": "pending",
              "speed": null,
              "pass": false,
              "fail": false,
              "pending": true,
              "context": null,
              "code": "",
              "err": {},
              "uuid": "84d50c9c-5ef4-4fbc-ac99-a2a767d3d20b",
              "parentUUID": "3c6a96fa-796f-44cd-b92d-f4db16f4f9be",
              "isHook": false,
              "skipped": false
            },
            {
              "title": "Should able to remove multipe assigned projects of user",
              "fullTitle": "User directory Should able to remove multipe assigned projects of user",
              "timedOut": null,
              "duration": 0,
              "state": "pending",
              "speed": null,
              "pass": false,
              "fail": false,
              "pending": true,
              "context": null,
              "code": "",
              "err": {},
              "uuid": "b6b95643-a13a-4357-ad9f-d1269f59d3d6",
              "parentUUID": "3c6a96fa-796f-44cd-b92d-f4db16f4f9be",
              "isHook": false,
              "skipped": false
            },
            {
              "title": "Should able to remove multipe assigned projects of pending user",
              "fullTitle": "User directory Should able to remove multipe assigned projects of pending user",
              "timedOut": null,
              "duration": 0,
              "state": "pending",
              "speed": null,
              "pass": false,
              "fail": false,
              "pending": true,
              "context": null,
              "code": "",
              "err": {},
              "uuid": "73aac03a-5f37-4261-b571-2ff138642022",
              "parentUUID": "3c6a96fa-796f-44cd-b92d-f4db16f4f9be",
              "isHook": false,
              "skipped": false
            },
            {
              "title": "Should verify visibility of change roles, resend invitation ,deactivate button of pending user",
              "fullTitle": "User directory Should verify visibility of change roles, resend invitation ,deactivate button of pending user",
              "timedOut": null,
              "duration": 0,
              "state": "pending",
              "speed": null,
              "pass": false,
              "fail": false,
              "pending": true,
              "context": null,
              "code": "",
              "err": {},
              "uuid": "6b63f941-aa04-41eb-a5e7-02e6833111ec",
              "parentUUID": "3c6a96fa-796f-44cd-b92d-f4db16f4f9be",
              "isHook": false,
              "skipped": false
            },
            {
              "title": "Verifying edit accepted user",
              "fullTitle": "User directory Verifying edit accepted user",
              "timedOut": null,
              "duration": 0,
              "state": "pending",
              "speed": null,
              "pass": false,
              "fail": false,
              "pending": true,
              "context": null,
              "code": "",
              "err": {},
              "uuid": "5f83697e-7ece-42d5-89f7-4d5197fcdd32",
              "parentUUID": "3c6a96fa-796f-44cd-b92d-f4db16f4f9be",
              "isHook": false,
              "skipped": false
            },
            {
              "title": "Verifying resend invitation for pending user",
              "fullTitle": "User directory Verifying resend invitation for pending user",
              "timedOut": null,
              "duration": 0,
              "state": "pending",
              "speed": null,
              "pass": false,
              "fail": false,
              "pending": true,
              "context": null,
              "code": "",
              "err": {},
              "uuid": "ee2c9bfd-03a2-4960-b506-33a4b5d0dfde",
              "parentUUID": "3c6a96fa-796f-44cd-b92d-f4db16f4f9be",
              "isHook": false,
              "skipped": false
            },
            {
              "title": "Should able to change roles of user",
              "fullTitle": "User directory Should able to change roles of user",
              "timedOut": null,
              "duration": 0,
              "state": "pending",
              "speed": null,
              "pass": false,
              "fail": false,
              "pending": true,
              "context": null,
              "code": "",
              "err": {},
              "uuid": "7461f8a7-2f36-4a80-b1f7-9a9023b9e0f4",
              "parentUUID": "3c6a96fa-796f-44cd-b92d-f4db16f4f9be",
              "isHook": false,
              "skipped": false
            },
            {
              "title": "Should able to de-activate pending user",
              "fullTitle": "User directory Should able to de-activate pending user",
              "timedOut": null,
              "duration": 0,
              "state": "pending",
              "speed": null,
              "pass": false,
              "fail": false,
              "pending": true,
              "context": null,
              "code": "",
              "err": {},
              "uuid": "25cd6880-d931-4b21-8501-29f61aec4b30",
              "parentUUID": "3c6a96fa-796f-44cd-b92d-f4db16f4f9be",
              "isHook": false,
              "skipped": false
            },
            {
              "title": "Should verify visibility of change roles, resend invitation ,deactivate button of deleted user",
              "fullTitle": "User directory Should verify visibility of change roles, resend invitation ,deactivate button of deleted user",
              "timedOut": null,
              "duration": 0,
              "state": "pending",
              "speed": null,
              "pass": false,
              "fail": false,
              "pending": true,
              "context": null,
              "code": "",
              "err": {},
              "uuid": "a8f59104-ec7e-4d4c-aff3-1531a94d7feb",
              "parentUUID": "3c6a96fa-796f-44cd-b92d-f4db16f4f9be",
              "isHook": false,
              "skipped": false
            },
            {
              "title": "Should verify visibility of change roles and deactivate button of accepted user",
              "fullTitle": "User directory Should verify visibility of change roles and deactivate button of accepted user",
              "timedOut": null,
              "duration": 0,
              "state": "pending",
              "speed": null,
              "pass": false,
              "fail": false,
              "pending": true,
              "context": null,
              "code": "",
              "err": {},
              "uuid": "ab103b6c-6c11-42fb-9345-f7123dfa6842",
              "parentUUID": "3c6a96fa-796f-44cd-b92d-f4db16f4f9be",
              "isHook": false,
              "skipped": false
            },
            {
              "title": "Should verify no result found message when add same company in primary and additional company",
              "fullTitle": "User directory Should verify no result found message when add same company in primary and additional company",
              "timedOut": null,
              "duration": 0,
              "state": "pending",
              "speed": null,
              "pass": false,
              "fail": false,
              "pending": true,
              "context": null,
              "code": "",
              "err": {},
              "uuid": "593be388-c6eb-4b8f-b1a3-7b682f97d34b",
              "parentUUID": "3c6a96fa-796f-44cd-b92d-f4db16f4f9be",
              "isHook": false,
              "skipped": false
            },
            {
              "title": "Should able to add multiple projects to user",
              "fullTitle": "User directory Should able to add multiple projects to user",
              "timedOut": null,
              "duration": 0,
              "state": "pending",
              "speed": null,
              "pass": false,
              "fail": false,
              "pending": true,
              "context": null,
              "code": "",
              "err": {},
              "uuid": "62b0fedb-72b6-4535-8a14-b5701e108202",
              "parentUUID": "3c6a96fa-796f-44cd-b92d-f4db16f4f9be",
              "isHook": false,
              "skipped": false
            }
          ],
          "suites": [],
          "passes": [],
          "failures": [],
          "pending": [
            "d5e90bd5-1f88-4bb2-a0c4-7b391b1340c3",
            "d73111a6-805a-48e0-a371-334d4590f74c",
            "82ab864f-787a-428d-9fe7-f80127a3a88a",
            "9a1ff9c8-8af1-444d-a9ed-e58611b6704b",
            "4e49ec2d-70e4-4224-8acf-3d425576df28",
            "7fcdb2cc-9e9a-4c47-a017-04add5e9fe0b",
            "627002df-7c66-4c52-92a0-f38ecdbe923c",
            "84d50c9c-5ef4-4fbc-ac99-a2a767d3d20b",
            "b6b95643-a13a-4357-ad9f-d1269f59d3d6",
            "73aac03a-5f37-4261-b571-2ff138642022",
            "6b63f941-aa04-41eb-a5e7-02e6833111ec",
            "5f83697e-7ece-42d5-89f7-4d5197fcdd32",
            "ee2c9bfd-03a2-4960-b506-33a4b5d0dfde",
            "7461f8a7-2f36-4a80-b1f7-9a9023b9e0f4",
            "25cd6880-d931-4b21-8501-29f61aec4b30",
            "a8f59104-ec7e-4d4c-aff3-1531a94d7feb",
            "ab103b6c-6c11-42fb-9345-f7123dfa6842",
            "593be388-c6eb-4b8f-b1a3-7b682f97d34b",
            "62b0fedb-72b6-4535-8a14-b5701e108202"
          ],
          "skipped": [],
          "duration": 0,
          "root": false,
          "rootEmpty": false,
          "_timeout": 2000
        }
      ],
      "passes": [],
      "failures": [],
      "pending": [],
      "skipped": [],
      "duration": 0,
      "root": true,
      "rootEmpty": true,
      "_timeout": 2000
    }
  ],
  "meta": {
    "mocha": {
      "version": "7.0.1"
    },
    "mochawesome": {
      "options": {
        "quiet": false,
        "reportFilename": "customReportFilename",
        "saveHtml": true,
        "saveJson": true,
        "consoleReporter": "spec",
        "useInlineDiffs": false,
        "code": true
      },
      "version": "6.2.2"
    },
    "marge": {
      "options": {
        "id": "default",
        "reportDir": "cypress/reports/mocha",
        "reportFilename": "customReportFilename",
        "quite": true,
        "overwrite": false,
        "html": true,
        "json": true,
        "video": false
      },
      "version": "5.2.0"
    }
  }
}