{
  "stats": {
    "suites": 1,
    "tests": 2,
    "passes": 2,
    "pending": 0,
    "failures": 0,
    "start": "2021-03-04T06:33:02.945Z",
    "end": "2021-03-04T06:33:14.066Z",
    "duration": 11121,
    "testsRegistered": 2,
    "passPercent": 100,
    "pendingPercent": 0,
    "other": 0,
    "hasOther": false,
    "skipped": 0,
    "hasSkipped": false
  },
  "results": [
    {
      "uuid": "3e96a76c-c08a-4455-aa23-b414f5b806a7",
      "title": "",
      "fullFile": "cypress\\e2e\\Mock_Project_Directory.spec.js",
      "file": "cypress\\e2e\\Mock_Project_Directory.spec.js",
      "beforeHooks": [],
      "afterHooks": [],
      "tests": [],
      "suites": [
        {
          "uuid": "474e7d8e-929f-4925-8b5a-8dc8cdd9cd93",
          "title": "Mocked Project Directory",
          "fullFile": "",
          "file": "",
          "beforeHooks": [],
          "afterHooks": [],
          "tests": [
            {
              "title": "Should load a blank page with Add New Button",
              "fullTitle": "Mocked Project Directory Should load a blank page with Add New Button",
              "timedOut": null,
              "duration": 6651,
              "state": "passed",
              "speed": "slow",
              "pass": true,
              "fail": false,
              "pending": false,
              "context": null,
              "code": "cy.server();\ncy.route({\n  method: 'GET',\n  url: '/tenant/projects?**',\n  status: 200,\n  response: {\n    paging: {},\n    projects: []\n  }\n}).as('getProjects');\ncy.visitPage('/directory').wait('@getProjects').its('status').should('eq', 200) // .get('.newBtn')\n// .findByDataCy('')\n// .click({ force: true })\n.clickElement('addNewProject').log(\"checking save button visibilty\").findByDataCy('addProjBtn').should('be.disabled');\ncy.get('.ui-dialog-titlebar-icon > .ng-tns-c73-3').click({\n  force: true\n});",
              "err": {},
              "uuid": "240538b3-93b3-4923-b07d-062c8d913378",
              "parentUUID": "474e7d8e-929f-4925-8b5a-8dc8cdd9cd93",
              "isHook": false,
              "skipped": false
            },
            {
              "title": "Should load a projects page with my mock project list",
              "fullTitle": "Mocked Project Directory Should load a projects page with my mock project list",
              "timedOut": null,
              "duration": 1444,
              "state": "passed",
              "speed": "slow",
              "pass": true,
              "fail": false,
              "pending": false,
              "context": null,
              "code": "cy.server();\ncy.route({\n  method: 'GET',\n  url: '/tenant/projects?sortKey=name&sort=1&pageSize=15&*',\n  status: 200,\n  response: 'fixture:/mockedProjectDirectory.json'\n}).as('getAllProjects');\ncy.route({\n  method: 'GET',\n  url: '/tenant/projects?sortKey=name&sort=1&pageSize=500&disabled=true&active=true&includeAll=true',\n  status: 200,\n  response: 'fixture:/mockedProjectDirectory.json'\n}).as('getFirst15Projects');\ncy.visitPage('/directory').wait('@getFirst15Projects').its('status').should('eq', 200) // .get('.newBtn')\n// .click({ force: true })\n.clickElement('addNewProject').log(\"checking save button visibilty\").findByDataCy('addProjBtn').should('be.disabled');\ncy.get('.ui-dialog-titlebar-icon > .ng-tns-c73-3').click({\n  force: true\n});",
              "err": {},
              "uuid": "528808b5-c477-4b4b-9924-1057dfed8165",
              "parentUUID": "474e7d8e-929f-4925-8b5a-8dc8cdd9cd93",
              "isHook": false,
              "skipped": false
            }
          ],
          "suites": [],
          "passes": [
            "240538b3-93b3-4923-b07d-062c8d913378",
            "528808b5-c477-4b4b-9924-1057dfed8165"
          ],
          "failures": [],
          "pending": [],
          "skipped": [],
          "duration": 8095,
          "root": false,
          "rootEmpty": false,
          "_timeout": 2000
        }
      ],
      "passes": [],
      "failures": [],
      "pending": [],
      "skipped": [],
      "duration": 0,
      "root": true,
      "rootEmpty": true,
      "_timeout": 2000
    }
  ],
  "meta": {
    "mocha": {
      "version": "7.0.1"
    },
    "mochawesome": {
      "options": {
        "quiet": false,
        "reportFilename": "customReportFilename",
        "saveHtml": true,
        "saveJson": true,
        "consoleReporter": "spec",
        "useInlineDiffs": false,
        "code": true
      },
      "version": "6.2.2"
    },
    "marge": {
      "options": {
        "id": "default",
        "reportDir": "cypress/reports/mocha",
        "reportFilename": "customReportFilename",
        "quite": true,
        "overwrite": false,
        "html": true,
        "json": true,
        "video": false
      },
      "version": "5.2.0"
    }
  }
}