{
    "$schema": "https://on.cypress.io/cypress.schema.json",
    "integrationFolder": "cypress/e2e",
    "baseUrl": "https://dev.app.dev-apollo.com/",
    "requestTimeout": 45000,
    "responseTimeout": 45000,
    "pageLoadTimeout": 45000,
    "viewportWidth": 1200,
    "viewportHeight": 700,
    "reporter": "cypress-multi-reporters",
    "videos": false,
    "screenshotsFolder": "cypress/reports/screenshots",
    "env": {
        "isAdminUser": true
    },
    "reporterOptions": {
        "reporterEnabled": "mochawesome",
        "mochawesomeReporterOptions": {
          "reportDir": "cypress/reports/mocha",
          "reportFilename": "customReportFilename",
          "quite": true,
          "overwrite":false,
          "html": true,
          "json": true,
          "video": false
        }
      }, 
    "retries": {
        "runMode": 1,
        "openMode": 2
      }
}