{
  "stats": {
    "suites": 9,
    "tests": 78,
    "passes": 4,
    "pending": 74,
    "failures": 0,
    "start": "2021-03-04T06:31:00.518Z",
    "end": "2021-03-04T06:33:14.066Z",
    "duration": 24647,
    "testsRegistered": 78,
    "passPercent": 5.128205128205129,
    "pendingPercent": 94.87179487179488,
    "other": 0,
    "hasOther": false,
    "skipped": 0,
    "hasSkipped": false
  },
  "results": [
    {
      "uuid": "2a9fa130-e8ec-4819-9d55-32ccbf8de7cf",
      "title": "",
      "fullFile": "cypress\\e2e\\Home_Configuration.spec.js",
      "file": "cypress\\e2e\\Home_Configuration.spec.js",
      "beforeHooks": [],
      "afterHooks": [],
      "tests": [],
      "suites": [
        {
          "uuid": "dc32864e-462f-43ae-833a-3f4e168f66bf",
          "title": "Configurations",
          "fullFile": "",
          "file": "",
          "beforeHooks": [],
          "afterHooks": [],
          "tests": [
            {
              "title": "should search for Non-Exist project configuration and validate Error message",
              "fullTitle": "Configurations should search for Non-Exist project configuration and validate Error message",
              "timedOut": null,
              "duration": 7473,
              "state": "passed",
              "speed": "slow",
              "pass": true,
              "fail": false,
              "pending": false,
              "context": null,
              "code": "cy.enterText('Project Type-input', configConstants.SEARCH_NON_EXIST).get('.section-center').should('contain.text', ' No results found').findByDataCy('Project Type-input').clear();",
              "err": {},
              "uuid": "520ac9d8-8fe1-4bec-b445-2a3f27ac0345",
              "parentUUID": "dc32864e-462f-43ae-833a-3f4e168f66bf",
              "isHook": false,
              "skipped": false
            }
          ],
          "suites": [],
          "passes": [
            "520ac9d8-8fe1-4bec-b445-2a3f27ac0345"
          ],
          "failures": [],
          "pending": [],
          "skipped": [],
          "duration": 7473,
          "root": false,
          "rootEmpty": false,
          "_timeout": 2000
        }
      ],
      "passes": [],
      "failures": [],
      "pending": [],
      "skipped": [],
      "duration": 0,
      "root": true,
      "rootEmpty": true,
      "_timeout": 2000
    },
    {
      "uuid": "872b76ac-2d0b-446c-8690-f5cd2b409aa9",
      "title": "",
      "fullFile": "cypress\\e2e\\Home_Distribution_Groups.spec.js",
      "file": "cypress\\e2e\\Home_Distribution_Groups.spec.js",
      "beforeHooks": [],
      "afterHooks": [],
      "tests": [],
      "suites": [
        {
          "uuid": "f015c1bb-05c6-499c-ab10-3d40d080c62f",
          "title": "Distribution groups",
          "fullFile": "",
          "file": "",
          "beforeHooks": [],
          "afterHooks": [],
          "tests": [
            {
              "title": "Should verify distribution group count",
              "fullTitle": "Distribution groups Should verify distribution group count",
              "timedOut": null,
              "duration": 0,
              "state": "pending",
              "speed": null,
              "pass": false,
              "fail": false,
              "pending": true,
              "context": null,
              "code": "",
              "err": {},
              "uuid": "97f6cfd2-3685-4c19-81f3-e5f7f55237d5",
              "parentUUID": "f015c1bb-05c6-499c-ab10-3d40d080c62f",
              "isHook": false,
              "skipped": false
            },
            {
              "title": "Should verify sorting arrows of Distribution group",
              "fullTitle": "Distribution groups Should verify sorting arrows of Distribution group",
              "timedOut": null,
              "duration": 0,
              "state": "pending",
              "speed": null,
              "pass": false,
              "fail": false,
              "pending": true,
              "context": null,
              "code": "",
              "err": {},
              "uuid": "96ec3ac3-b9e0-4ccc-aba6-6c9fe414de7a",
              "parentUUID": "f015c1bb-05c6-499c-ab10-3d40d080c62f",
              "isHook": false,
              "skipped": false
            },
            {
              "title": "Should verify sorting data of Distribution group",
              "fullTitle": "Distribution groups Should verify sorting data of Distribution group",
              "timedOut": null,
              "duration": 0,
              "state": "pending",
              "speed": null,
              "pass": false,
              "fail": false,
              "pending": true,
              "context": null,
              "code": "",
              "err": {},
              "uuid": "0543d10d-1af5-49d7-bf97-e16abf5e0345",
              "parentUUID": "f015c1bb-05c6-499c-ab10-3d40d080c62f",
              "isHook": false,
              "skipped": false
            },
            {
              "title": "Should verify grey background of pending while add new distribution group",
              "fullTitle": "Distribution groups Should verify grey background of pending while add new distribution group",
              "timedOut": null,
              "duration": 0,
              "state": "pending",
              "speed": null,
              "pass": false,
              "fail": false,
              "pending": true,
              "context": null,
              "code": "",
              "err": {},
              "uuid": "f9c75147-52e2-441f-b4d4-e46800708e06",
              "parentUUID": "f015c1bb-05c6-499c-ab10-3d40d080c62f",
              "isHook": false,
              "skipped": false
            },
            {
              "title": "Should verify no result found when searching deactivated user while add",
              "fullTitle": "Distribution groups Should verify no result found when searching deactivated user while add",
              "timedOut": null,
              "duration": 0,
              "state": "pending",
              "speed": null,
              "pass": false,
              "fail": false,
              "pending": true,
              "context": null,
              "code": "",
              "err": {},
              "uuid": "fc6b4ca4-ac09-44fc-bd4f-0307c852798c",
              "parentUUID": "f015c1bb-05c6-499c-ab10-3d40d080c62f",
              "isHook": false,
              "skipped": false
            },
            {
              "title": "Should verify add new distribution group",
              "fullTitle": "Distribution groups Should verify add new distribution group",
              "timedOut": null,
              "duration": 0,
              "state": "pending",
              "speed": null,
              "pass": false,
              "fail": false,
              "pending": true,
              "context": null,
              "code": "",
              "err": {},
              "uuid": "b1b3d0fc-b3aa-441f-83ee-582a9e61a73d",
              "parentUUID": "f015c1bb-05c6-499c-ab10-3d40d080c62f",
              "isHook": false,
              "skipped": false
            },
            {
              "title": "Should search specific distribution group",
              "fullTitle": "Distribution groups Should search specific distribution group",
              "timedOut": null,
              "duration": 0,
              "state": "pending",
              "speed": null,
              "pass": false,
              "fail": false,
              "pending": true,
              "context": null,
              "code": "",
              "err": {},
              "uuid": "ee8a49ba-ca5a-4450-b1a7-19b1b989e09b",
              "parentUUID": "f015c1bb-05c6-499c-ab10-3d40d080c62f",
              "isHook": false,
              "skipped": false
            },
            {
              "title": "Should verify grey background of pending while edit distribution group",
              "fullTitle": "Distribution groups Should verify grey background of pending while edit distribution group",
              "timedOut": null,
              "duration": 0,
              "state": "pending",
              "speed": null,
              "pass": false,
              "fail": false,
              "pending": true,
              "context": null,
              "code": "",
              "err": {},
              "uuid": "b2542dcb-24b9-4a41-970e-2134934f6c6e",
              "parentUUID": "f015c1bb-05c6-499c-ab10-3d40d080c62f",
              "isHook": false,
              "skipped": false
            },
            {
              "title": "Should verify no result found when searching deactivated user while edit",
              "fullTitle": "Distribution groups Should verify no result found when searching deactivated user while edit",
              "timedOut": null,
              "duration": 0,
              "state": "pending",
              "speed": null,
              "pass": false,
              "fail": false,
              "pending": true,
              "context": null,
              "code": "",
              "err": {},
              "uuid": "b2c41f04-e122-4af5-9d08-de059e1d8595",
              "parentUUID": "f015c1bb-05c6-499c-ab10-3d40d080c62f",
              "isHook": false,
              "skipped": false
            },
            {
              "title": "should able to edit distribution group",
              "fullTitle": "Distribution groups should able to edit distribution group",
              "timedOut": null,
              "duration": 0,
              "state": "pending",
              "speed": null,
              "pass": false,
              "fail": false,
              "pending": true,
              "context": null,
              "code": "",
              "err": {},
              "uuid": "72b328de-885b-48dd-8971-489a30989149",
              "parentUUID": "f015c1bb-05c6-499c-ab10-3d40d080c62f",
              "isHook": false,
              "skipped": false
            },
            {
              "title": "Should validate user list of distribution group",
              "fullTitle": "Distribution groups Should validate user list of distribution group",
              "timedOut": null,
              "duration": 0,
              "state": "pending",
              "speed": null,
              "pass": false,
              "fail": false,
              "pending": true,
              "context": null,
              "code": "",
              "err": {},
              "uuid": "576c84e2-fce0-4046-9798-cec201a10c33",
              "parentUUID": "f015c1bb-05c6-499c-ab10-3d40d080c62f",
              "isHook": false,
              "skipped": false
            },
            {
              "title": "Should verify already distribution group name exist message",
              "fullTitle": "Distribution groups Should verify already distribution group name exist message",
              "timedOut": null,
              "duration": 0,
              "state": "pending",
              "speed": null,
              "pass": false,
              "fail": false,
              "pending": true,
              "context": null,
              "code": "",
              "err": {},
              "uuid": "3481be4a-d7fa-4d81-b0ec-b9c73b1e6f99",
              "parentUUID": "f015c1bb-05c6-499c-ab10-3d40d080c62f",
              "isHook": false,
              "skipped": false
            },
            {
              "title": "Should verify no result found message while searching non existing D-group",
              "fullTitle": "Distribution groups Should verify no result found message while searching non existing D-group",
              "timedOut": null,
              "duration": 0,
              "state": "pending",
              "speed": null,
              "pass": false,
              "fail": false,
              "pending": true,
              "context": null,
              "code": "",
              "err": {},
              "uuid": "acac39fb-4d02-4558-ae47-90c6c96f092e",
              "parentUUID": "f015c1bb-05c6-499c-ab10-3d40d080c62f",
              "isHook": false,
              "skipped": false
            },
            {
              "title": "Should display distribution group name exist message while editing",
              "fullTitle": "Distribution groups Should display distribution group name exist message while editing",
              "timedOut": null,
              "duration": 0,
              "state": "pending",
              "speed": null,
              "pass": false,
              "fail": false,
              "pending": true,
              "context": null,
              "code": "",
              "err": {},
              "uuid": "b9c6c4c8-2b12-469a-9e28-6972ad338fe4",
              "parentUUID": "f015c1bb-05c6-499c-ab10-3d40d080c62f",
              "isHook": false,
              "skipped": false
            },
            {
              "title": "Should verify color change of pending in user list",
              "fullTitle": "Distribution groups Should verify color change of pending in user list",
              "timedOut": null,
              "duration": 0,
              "state": "pending",
              "speed": null,
              "pass": false,
              "fail": false,
              "pending": true,
              "context": null,
              "code": "",
              "err": {},
              "uuid": "ffbd3fbf-c9d2-4a5a-8529-39a8d9bc04de",
              "parentUUID": "f015c1bb-05c6-499c-ab10-3d40d080c62f",
              "isHook": false,
              "skipped": false
            },
            {
              "title": "Should able to delete distribution group and search delete user",
              "fullTitle": "Distribution groups Should able to delete distribution group and search delete user",
              "timedOut": null,
              "duration": 0,
              "state": "pending",
              "speed": null,
              "pass": false,
              "fail": false,
              "pending": true,
              "context": null,
              "code": "",
              "err": {},
              "uuid": "32c571cf-a479-49cb-bfe6-d314e0fd88d9",
              "parentUUID": "f015c1bb-05c6-499c-ab10-3d40d080c62f",
              "isHook": false,
              "skipped": false
            },
            {
              "title": "Should validate count of user when deactivated pending user",
              "fullTitle": "Distribution groups Should validate count of user when deactivated pending user",
              "timedOut": null,
              "duration": 0,
              "state": "pending",
              "speed": null,
              "pass": false,
              "fail": false,
              "pending": true,
              "context": null,
              "code": "",
              "err": {},
              "uuid": "5c71b386-5193-430f-b834-cd5de211fbaa",
              "parentUUID": "f015c1bb-05c6-499c-ab10-3d40d080c62f",
              "isHook": false,
              "skipped": false
            }
          ],
          "suites": [],
          "passes": [],
          "failures": [],
          "pending": [
            "97f6cfd2-3685-4c19-81f3-e5f7f55237d5",
            "96ec3ac3-b9e0-4ccc-aba6-6c9fe414de7a",
            "0543d10d-1af5-49d7-bf97-e16abf5e0345",
            "f9c75147-52e2-441f-b4d4-e46800708e06",
            "fc6b4ca4-ac09-44fc-bd4f-0307c852798c",
            "b1b3d0fc-b3aa-441f-83ee-582a9e61a73d",
            "ee8a49ba-ca5a-4450-b1a7-19b1b989e09b",
            "b2542dcb-24b9-4a41-970e-2134934f6c6e",
            "b2c41f04-e122-4af5-9d08-de059e1d8595",
            "72b328de-885b-48dd-8971-489a30989149",
            "576c84e2-fce0-4046-9798-cec201a10c33",
            "3481be4a-d7fa-4d81-b0ec-b9c73b1e6f99",
            "acac39fb-4d02-4558-ae47-90c6c96f092e",
            "b9c6c4c8-2b12-469a-9e28-6972ad338fe4",
            "ffbd3fbf-c9d2-4a5a-8529-39a8d9bc04de",
            "32c571cf-a479-49cb-bfe6-d314e0fd88d9",
            "5c71b386-5193-430f-b834-cd5de211fbaa"
          ],
          "skipped": [],
          "duration": 0,
          "root": false,
          "rootEmpty": false,
          "_timeout": 2000
        }
      ],
      "passes": [],
      "failures": [],
      "pending": [],
      "skipped": [],
      "duration": 0,
      "root": true,
      "rootEmpty": true,
      "_timeout": 2000
    },
    {
      "uuid": "baa0f999-5859-4367-bb81-74881efe34a6",
      "title": "",
      "fullFile": "cypress\\e2e\\Home_Project_Directory.spec.js",
      "file": "cypress\\e2e\\Home_Project_Directory.spec.js",
      "beforeHooks": [],
      "afterHooks": [],
      "tests": [],
      "suites": [
        {
          "uuid": "4e64e041-00e4-4372-a435-ba9d094b78d0",
          "title": "Project Directory",
          "fullFile": "",
          "file": "",
          "beforeHooks": [],
          "afterHooks": [],
          "tests": [
            {
              "title": "Should verify project directory landing page and sorting",
              "fullTitle": "Project Directory Should verify project directory landing page and sorting",
              "timedOut": null,
              "duration": 0,
              "state": "pending",
              "speed": null,
              "pass": false,
              "fail": false,
              "pending": true,
              "context": null,
              "code": "",
              "err": {},
              "uuid": "c338a9ba-4e03-48a4-b593-a8265340fd55",
              "parentUUID": "4e64e041-00e4-4372-a435-ba9d094b78d0",
              "isHook": false,
              "skipped": false
            },
            {
              "title": "Should create new project and validate projects count",
              "fullTitle": "Project Directory Should create new project and validate projects count",
              "timedOut": null,
              "duration": 0,
              "state": "pending",
              "speed": null,
              "pass": false,
              "fail": false,
              "pending": true,
              "context": null,
              "code": "",
              "err": {},
              "uuid": "51a0a204-3253-40e0-8cd2-185e8dc52aa1",
              "parentUUID": "4e64e041-00e4-4372-a435-ba9d094b78d0",
              "isHook": false,
              "skipped": false
            },
            {
              "title": "Should validate duplicate project name on creation",
              "fullTitle": "Project Directory Should validate duplicate project name on creation",
              "timedOut": null,
              "duration": 0,
              "state": "pending",
              "speed": null,
              "pass": false,
              "fail": false,
              "pending": true,
              "context": null,
              "code": "",
              "err": {},
              "uuid": "f6e2a6d5-65f6-43e4-be46-205b8edb195b",
              "parentUUID": "4e64e041-00e4-4372-a435-ba9d094b78d0",
              "isHook": false,
              "skipped": false
            },
            {
              "title": "Should display proper message on searching non-existent project",
              "fullTitle": "Project Directory Should display proper message on searching non-existent project",
              "timedOut": null,
              "duration": 0,
              "state": "pending",
              "speed": null,
              "pass": false,
              "fail": false,
              "pending": true,
              "context": null,
              "code": "",
              "err": {},
              "uuid": "315a00b5-fd65-4321-8958-2cb927acf54d",
              "parentUUID": "4e64e041-00e4-4372-a435-ba9d094b78d0",
              "isHook": false,
              "skipped": false
            },
            {
              "title": "Should search created project",
              "fullTitle": "Project Directory Should search created project",
              "timedOut": null,
              "duration": 0,
              "state": "pending",
              "speed": null,
              "pass": false,
              "fail": false,
              "pending": true,
              "context": null,
              "code": "",
              "err": {},
              "uuid": "297afbd1-2b86-4271-9c15-387ce4124d80",
              "parentUUID": "4e64e041-00e4-4372-a435-ba9d094b78d0",
              "isHook": false,
              "skipped": false
            },
            {
              "title": "Should delete created project",
              "fullTitle": "Project Directory Should delete created project",
              "timedOut": null,
              "duration": 0,
              "state": "pending",
              "speed": null,
              "pass": false,
              "fail": false,
              "pending": true,
              "context": null,
              "code": "",
              "err": {},
              "uuid": "43fa61c8-8f21-4891-af29-4a00a79dac21",
              "parentUUID": "4e64e041-00e4-4372-a435-ba9d094b78d0",
              "isHook": false,
              "skipped": false
            },
            {
              "title": "Should update project to active state",
              "fullTitle": "Project Directory Should update project to active state",
              "timedOut": null,
              "duration": 0,
              "state": "pending",
              "speed": null,
              "pass": false,
              "fail": false,
              "pending": true,
              "context": null,
              "code": "",
              "err": {},
              "uuid": "807098fe-5bab-4b7e-b47f-e49f65bed70b",
              "parentUUID": "4e64e041-00e4-4372-a435-ba9d094b78d0",
              "isHook": false,
              "skipped": false
            },
            {
              "title": "Should edit General Details of project",
              "fullTitle": "Project Directory Should edit General Details of project",
              "timedOut": null,
              "duration": 0,
              "state": "pending",
              "speed": null,
              "pass": false,
              "fail": false,
              "pending": true,
              "context": null,
              "code": "",
              "err": {},
              "uuid": "daf6c60f-bc35-461f-8fc3-4c4a88a099d0",
              "parentUUID": "4e64e041-00e4-4372-a435-ba9d094b78d0",
              "isHook": false,
              "skipped": false
            },
            {
              "title": "Should edit List of locations of project",
              "fullTitle": "Project Directory Should edit List of locations of project",
              "timedOut": null,
              "duration": 0,
              "state": "pending",
              "speed": null,
              "pass": false,
              "fail": false,
              "pending": true,
              "context": null,
              "code": "",
              "err": {},
              "uuid": "9b225100-e46b-4642-88e9-1b97e665a5e9",
              "parentUUID": "4e64e041-00e4-4372-a435-ba9d094b78d0",
              "isHook": false,
              "skipped": false
            },
            {
              "title": "Should edit Units of Measurement of project",
              "fullTitle": "Project Directory Should edit Units of Measurement of project",
              "timedOut": null,
              "duration": 0,
              "state": "pending",
              "speed": null,
              "pass": false,
              "fail": false,
              "pending": true,
              "context": null,
              "code": "",
              "err": {},
              "uuid": "1f90b8a2-e8d7-4709-95a1-77362f11105f",
              "parentUUID": "4e64e041-00e4-4372-a435-ba9d094b78d0",
              "isHook": false,
              "skipped": false
            },
            {
              "title": "Should edit Sub projects of project",
              "fullTitle": "Project Directory Should edit Sub projects of project",
              "timedOut": null,
              "duration": 0,
              "state": "pending",
              "speed": null,
              "pass": false,
              "fail": false,
              "pending": true,
              "context": null,
              "code": "",
              "err": {},
              "uuid": "1eaacda5-e4a4-4534-899b-d54eede3ccdf",
              "parentUUID": "4e64e041-00e4-4372-a435-ba9d094b78d0",
              "isHook": false,
              "skipped": false
            },
            {
              "title": "Should Add and delete Users to project",
              "fullTitle": "Project Directory Should Add and delete Users to project",
              "timedOut": null,
              "duration": 0,
              "state": "pending",
              "speed": null,
              "pass": false,
              "fail": false,
              "pending": true,
              "context": null,
              "code": "",
              "err": {},
              "uuid": "9a2bbc44-5ddb-4e8a-9e72-73c614de679d",
              "parentUUID": "4e64e041-00e4-4372-a435-ba9d094b78d0",
              "isHook": false,
              "skipped": false
            }
          ],
          "suites": [],
          "passes": [],
          "failures": [],
          "pending": [
            "c338a9ba-4e03-48a4-b593-a8265340fd55",
            "51a0a204-3253-40e0-8cd2-185e8dc52aa1",
            "f6e2a6d5-65f6-43e4-be46-205b8edb195b",
            "315a00b5-fd65-4321-8958-2cb927acf54d",
            "297afbd1-2b86-4271-9c15-387ce4124d80",
            "43fa61c8-8f21-4891-af29-4a00a79dac21",
            "807098fe-5bab-4b7e-b47f-e49f65bed70b",
            "daf6c60f-bc35-461f-8fc3-4c4a88a099d0",
            "9b225100-e46b-4642-88e9-1b97e665a5e9",
            "1f90b8a2-e8d7-4709-95a1-77362f11105f",
            "1eaacda5-e4a4-4534-899b-d54eede3ccdf",
            "9a2bbc44-5ddb-4e8a-9e72-73c614de679d"
          ],
          "skipped": [],
          "duration": 0,
          "root": false,
          "rootEmpty": false,
          "_timeout": 2000
        }
      ],
      "passes": [],
      "failures": [],
      "pending": [],
      "skipped": [],
      "duration": 0,
      "root": true,
      "rootEmpty": true,
      "_timeout": 2000
    },
    {
      "uuid": "0cb7ba1c-589a-41d0-8ffd-e37fc4d1f9d4",
      "title": "",
      "fullFile": "cypress\\e2e\\Home_Roles.spec.js",
      "file": "cypress\\e2e\\Home_Roles.spec.js",
      "beforeHooks": [],
      "afterHooks": [],
      "tests": [],
      "suites": [
        {
          "uuid": "da4931b0-c47d-474c-a3d1-8dd5f1b48ecd",
          "title": "Roles",
          "fullFile": "",
          "file": "",
          "beforeHooks": [],
          "afterHooks": [],
          "tests": [
            {
              "title": "Should verify roles page and default roles",
              "fullTitle": "Roles Should verify roles page and default roles",
              "timedOut": null,
              "duration": 0,
              "state": "pending",
              "speed": null,
              "pass": false,
              "fail": false,
              "pending": true,
              "context": null,
              "code": "",
              "err": {},
              "uuid": "5f0912d6-c898-435e-b89f-bd156b2bada9",
              "parentUUID": "da4931b0-c47d-474c-a3d1-8dd5f1b48ecd",
              "isHook": false,
              "skipped": false
            },
            {
              "title": "Should check for duplicate Tenant and Project user",
              "fullTitle": "Roles Should check for duplicate Tenant and Project user",
              "timedOut": null,
              "duration": 0,
              "state": "pending",
              "speed": null,
              "pass": false,
              "fail": false,
              "pending": true,
              "context": null,
              "code": "",
              "err": {},
              "uuid": "d0cff23b-3324-4a5f-98ee-316d5270d5c2",
              "parentUUID": "da4931b0-c47d-474c-a3d1-8dd5f1b48ecd",
              "isHook": false,
              "skipped": false
            },
            {
              "title": "Should verify Tenant-General settings roles",
              "fullTitle": "Roles Should verify Tenant-General settings roles",
              "timedOut": null,
              "duration": 0,
              "state": "pending",
              "speed": null,
              "pass": false,
              "fail": false,
              "pending": true,
              "context": null,
              "code": "",
              "err": {},
              "uuid": "4caf58d0-a5bf-43d2-a051-af65ba480886",
              "parentUUID": "da4931b0-c47d-474c-a3d1-8dd5f1b48ecd",
              "isHook": false,
              "skipped": false
            },
            {
              "title": "Should verify Tenant-Budgeting roles",
              "fullTitle": "Roles Should verify Tenant-Budgeting roles",
              "timedOut": null,
              "duration": 0,
              "state": "pending",
              "speed": null,
              "pass": false,
              "fail": false,
              "pending": true,
              "context": null,
              "code": "",
              "err": {},
              "uuid": "2c9dbc9f-58d4-499e-b223-36c8d1be330a",
              "parentUUID": "da4931b0-c47d-474c-a3d1-8dd5f1b48ecd",
              "isHook": false,
              "skipped": false
            },
            {
              "title": "Should verify Tenant-Collaboration roles",
              "fullTitle": "Roles Should verify Tenant-Collaboration roles",
              "timedOut": null,
              "duration": 0,
              "state": "pending",
              "speed": null,
              "pass": false,
              "fail": false,
              "pending": true,
              "context": null,
              "code": "",
              "err": {},
              "uuid": "f57dd2bd-78dd-4108-9b69-374e572f9d03",
              "parentUUID": "da4931b0-c47d-474c-a3d1-8dd5f1b48ecd",
              "isHook": false,
              "skipped": false
            },
            {
              "title": "Should verfiy Tenant-Scheduler roles",
              "fullTitle": "Roles Should verfiy Tenant-Scheduler roles",
              "timedOut": null,
              "duration": 0,
              "state": "pending",
              "speed": null,
              "pass": false,
              "fail": false,
              "pending": true,
              "context": null,
              "code": "",
              "err": {},
              "uuid": "5d54ffef-d450-4917-b467-15fb703289f2",
              "parentUUID": "da4931b0-c47d-474c-a3d1-8dd5f1b48ecd",
              "isHook": false,
              "skipped": false
            },
            {
              "title": "Should verify Project-General settings roles",
              "fullTitle": "Roles Should verify Project-General settings roles",
              "timedOut": null,
              "duration": 0,
              "state": "pending",
              "speed": null,
              "pass": false,
              "fail": false,
              "pending": true,
              "context": null,
              "code": "",
              "err": {},
              "uuid": "b1192ce3-c78e-4acf-aed7-87bab257e1a3",
              "parentUUID": "da4931b0-c47d-474c-a3d1-8dd5f1b48ecd",
              "isHook": false,
              "skipped": false
            },
            {
              "title": "Should verify Project-Budgeting roles",
              "fullTitle": "Roles Should verify Project-Budgeting roles",
              "timedOut": null,
              "duration": 0,
              "state": "pending",
              "speed": null,
              "pass": false,
              "fail": false,
              "pending": true,
              "context": null,
              "code": "",
              "err": {},
              "uuid": "f92f67d0-da85-4de1-b14d-775495bda1dc",
              "parentUUID": "da4931b0-c47d-474c-a3d1-8dd5f1b48ecd",
              "isHook": false,
              "skipped": false
            },
            {
              "title": "Should verify Project-Collaboration roles",
              "fullTitle": "Roles Should verify Project-Collaboration roles",
              "timedOut": null,
              "duration": 0,
              "state": "pending",
              "speed": null,
              "pass": false,
              "fail": false,
              "pending": true,
              "context": null,
              "code": "",
              "err": {},
              "uuid": "0b55575f-abaa-4c76-b3bf-a3eda62aef60",
              "parentUUID": "da4931b0-c47d-474c-a3d1-8dd5f1b48ecd",
              "isHook": false,
              "skipped": false
            },
            {
              "title": "Should verify Project-Drawings roles",
              "fullTitle": "Roles Should verify Project-Drawings roles",
              "timedOut": null,
              "duration": 0,
              "state": "pending",
              "speed": null,
              "pass": false,
              "fail": false,
              "pending": true,
              "context": null,
              "code": "",
              "err": {},
              "uuid": "33b94792-b3a7-47f7-8560-14fe71bd6525",
              "parentUUID": "da4931b0-c47d-474c-a3d1-8dd5f1b48ecd",
              "isHook": false,
              "skipped": false
            },
            {
              "title": "Should verify Project-Scheduler roles",
              "fullTitle": "Roles Should verify Project-Scheduler roles",
              "timedOut": null,
              "duration": 0,
              "state": "pending",
              "speed": null,
              "pass": false,
              "fail": false,
              "pending": true,
              "context": null,
              "code": "",
              "err": {},
              "uuid": "c2ecc0a7-09aa-4f11-b017-ca27bfd3355b",
              "parentUUID": "da4931b0-c47d-474c-a3d1-8dd5f1b48ecd",
              "isHook": false,
              "skipped": false
            }
          ],
          "suites": [],
          "passes": [],
          "failures": [],
          "pending": [
            "5f0912d6-c898-435e-b89f-bd156b2bada9",
            "d0cff23b-3324-4a5f-98ee-316d5270d5c2",
            "4caf58d0-a5bf-43d2-a051-af65ba480886",
            "2c9dbc9f-58d4-499e-b223-36c8d1be330a",
            "f57dd2bd-78dd-4108-9b69-374e572f9d03",
            "5d54ffef-d450-4917-b467-15fb703289f2",
            "b1192ce3-c78e-4acf-aed7-87bab257e1a3",
            "f92f67d0-da85-4de1-b14d-775495bda1dc",
            "0b55575f-abaa-4c76-b3bf-a3eda62aef60",
            "33b94792-b3a7-47f7-8560-14fe71bd6525",
            "c2ecc0a7-09aa-4f11-b017-ca27bfd3355b"
          ],
          "skipped": [],
          "duration": 0,
          "root": false,
          "rootEmpty": false,
          "_timeout": 2000
        }
      ],
      "passes": [],
      "failures": [],
      "pending": [],
      "skipped": [],
      "duration": 0,
      "root": true,
      "rootEmpty": true,
      "_timeout": 2000
    },
    {
      "uuid": "10ae5a20-7bcd-4559-8e53-1450c17a5f05",
      "title": "",
      "fullFile": "cypress\\e2e\\Home_user_Directory.spec.js",
      "file": "cypress\\e2e\\Home_user_Directory.spec.js",
      "beforeHooks": [],
      "afterHooks": [],
      "tests": [],
      "suites": [
        {
          "uuid": "3c6a96fa-796f-44cd-b92d-f4db16f4f9be",
          "title": "User directory",
          "fullFile": "",
          "file": "",
          "beforeHooks": [],
          "afterHooks": [],
          "tests": [
            {
              "title": "Should verify users count",
              "fullTitle": "User directory Should verify users count",
              "timedOut": null,
              "duration": 0,
              "state": "pending",
              "speed": null,
              "pass": false,
              "fail": false,
              "pending": true,
              "context": null,
              "code": "",
              "err": {},
              "uuid": "d5e90bd5-1f88-4bb2-a0c4-7b391b1340c3",
              "parentUUID": "3c6a96fa-796f-44cd-b92d-f4db16f4f9be",
              "isHook": false,
              "skipped": false
            },
            {
              "title": "Should able to add user and check user count and status",
              "fullTitle": "User directory Should able to add user and check user count and status",
              "timedOut": null,
              "duration": 0,
              "state": "pending",
              "speed": null,
              "pass": false,
              "fail": false,
              "pending": true,
              "context": null,
              "code": "",
              "err": {},
              "uuid": "d73111a6-805a-48e0-a371-334d4590f74c",
              "parentUUID": "3c6a96fa-796f-44cd-b92d-f4db16f4f9be",
              "isHook": false,
              "skipped": false
            },
            {
              "title": "Should verify sorting arrows of Email",
              "fullTitle": "User directory Should verify sorting arrows of Email",
              "timedOut": null,
              "duration": 0,
              "state": "pending",
              "speed": null,
              "pass": false,
              "fail": false,
              "pending": true,
              "context": null,
              "code": "",
              "err": {},
              "uuid": "82ab864f-787a-428d-9fe7-f80127a3a88a",
              "parentUUID": "3c6a96fa-796f-44cd-b92d-f4db16f4f9be",
              "isHook": false,
              "skipped": false
            },
            {
              "title": "Should verify sorting data of Email",
              "fullTitle": "User directory Should verify sorting data of Email",
              "timedOut": null,
              "duration": 0,
              "state": "pending",
              "speed": null,
              "pass": false,
              "fail": false,
              "pending": true,
              "context": null,
              "code": "",
              "err": {},
              "uuid": "9a1ff9c8-8af1-444d-a9ed-e58611b6704b",
              "parentUUID": "3c6a96fa-796f-44cd-b92d-f4db16f4f9be",
              "isHook": false,
              "skipped": false
            },
            {
              "title": "Should verify displayed message if no assigned projects of accepted user",
              "fullTitle": "User directory Should verify displayed message if no assigned projects of accepted user",
              "timedOut": null,
              "duration": 0,
              "state": "pending",
              "speed": null,
              "pass": false,
              "fail": false,
              "pending": true,
              "context": null,
              "code": "",
              "err": {},
              "uuid": "4e49ec2d-70e4-4224-8acf-3d425576df28",
              "parentUUID": "3c6a96fa-796f-44cd-b92d-f4db16f4f9be",
              "isHook": false,
              "skipped": false
            },
            {
              "title": "Should able to assign new projects to accepted user",
              "fullTitle": "User directory Should able to assign new projects to accepted user",
              "timedOut": null,
              "duration": 0,
              "state": "pending",
              "speed": null,
              "pass": false,
              "fail": false,
              "pending": true,
              "context": null,
              "code": "",
              "err": {},
              "uuid": "7fcdb2cc-9e9a-4c47-a017-04add5e9fe0b",
              "parentUUID": "3c6a96fa-796f-44cd-b92d-f4db16f4f9be",
              "isHook": false,
              "skipped": false
            },
            {
              "title": "Should able to remove assigned projects of user",
              "fullTitle": "User directory Should able to remove assigned projects of user",
              "timedOut": null,
              "duration": 0,
              "state": "pending",
              "speed": null,
              "pass": false,
              "fail": false,
              "pending": true,
              "context": null,
              "code": "",
              "err": {},
              "uuid": "627002df-7c66-4c52-92a0-f38ecdbe923c",
              "parentUUID": "3c6a96fa-796f-44cd-b92d-f4db16f4f9be",
              "isHook": false,
              "skipped": false
            },
            {
              "title": "Should able to assign new projects to pending user",
              "fullTitle": "User directory Should able to assign new projects to pending user",
              "timedOut": null,
              "duration": 0,
              "state": "pending",
              "speed": null,
              "pass": false,
              "fail": false,
              "pending": true,
              "context": null,
              "code": "",
              "err": {},
              "uuid": "84d50c9c-5ef4-4fbc-ac99-a2a767d3d20b",
              "parentUUID": "3c6a96fa-796f-44cd-b92d-f4db16f4f9be",
              "isHook": false,
              "skipped": false
            },
            {
              "title": "Should able to remove multipe assigned projects of user",
              "fullTitle": "User directory Should able to remove multipe assigned projects of user",
              "timedOut": null,
              "duration": 0,
              "state": "pending",
              "speed": null,
              "pass": false,
              "fail": false,
              "pending": true,
              "context": null,
              "code": "",
              "err": {},
              "uuid": "b6b95643-a13a-4357-ad9f-d1269f59d3d6",
              "parentUUID": "3c6a96fa-796f-44cd-b92d-f4db16f4f9be",
              "isHook": false,
              "skipped": false
            },
            {
              "title": "Should able to remove multipe assigned projects of pending user",
              "fullTitle": "User directory Should able to remove multipe assigned projects of pending user",
              "timedOut": null,
              "duration": 0,
              "state": "pending",
              "speed": null,
              "pass": false,
              "fail": false,
              "pending": true,
              "context": null,
              "code": "",
              "err": {},
              "uuid": "73aac03a-5f37-4261-b571-2ff138642022",
              "parentUUID": "3c6a96fa-796f-44cd-b92d-f4db16f4f9be",
              "isHook": false,
              "skipped": false
            },
            {
              "title": "Should verify visibility of change roles, resend invitation ,deactivate button of pending user",
              "fullTitle": "User directory Should verify visibility of change roles, resend invitation ,deactivate button of pending user",
              "timedOut": null,
              "duration": 0,
              "state": "pending",
              "speed": null,
              "pass": false,
              "fail": false,
              "pending": true,
              "context": null,
              "code": "",
              "err": {},
              "uuid": "6b63f941-aa04-41eb-a5e7-02e6833111ec",
              "parentUUID": "3c6a96fa-796f-44cd-b92d-f4db16f4f9be",
              "isHook": false,
              "skipped": false
            },
            {
              "title": "Verifying edit accepted user",
              "fullTitle": "User directory Verifying edit accepted user",
              "timedOut": null,
              "duration": 0,
              "state": "pending",
              "speed": null,
              "pass": false,
              "fail": false,
              "pending": true,
              "context": null,
              "code": "",
              "err": {},
              "uuid": "5f83697e-7ece-42d5-89f7-4d5197fcdd32",
              "parentUUID": "3c6a96fa-796f-44cd-b92d-f4db16f4f9be",
              "isHook": false,
              "skipped": false
            },
            {
              "title": "Verifying resend invitation for pending user",
              "fullTitle": "User directory Verifying resend invitation for pending user",
              "timedOut": null,
              "duration": 0,
              "state": "pending",
              "speed": null,
              "pass": false,
              "fail": false,
              "pending": true,
              "context": null,
              "code": "",
              "err": {},
              "uuid": "ee2c9bfd-03a2-4960-b506-33a4b5d0dfde",
              "parentUUID": "3c6a96fa-796f-44cd-b92d-f4db16f4f9be",
              "isHook": false,
              "skipped": false
            },
            {
              "title": "Should able to change roles of user",
              "fullTitle": "User directory Should able to change roles of user",
              "timedOut": null,
              "duration": 0,
              "state": "pending",
              "speed": null,
              "pass": false,
              "fail": false,
              "pending": true,
              "context": null,
              "code": "",
              "err": {},
              "uuid": "7461f8a7-2f36-4a80-b1f7-9a9023b9e0f4",
              "parentUUID": "3c6a96fa-796f-44cd-b92d-f4db16f4f9be",
              "isHook": false,
              "skipped": false
            },
            {
              "title": "Should able to de-activate pending user",
              "fullTitle": "User directory Should able to de-activate pending user",
              "timedOut": null,
              "duration": 0,
              "state": "pending",
              "speed": null,
              "pass": false,
              "fail": false,
              "pending": true,
              "context": null,
              "code": "",
              "err": {},
              "uuid": "25cd6880-d931-4b21-8501-29f61aec4b30",
              "parentUUID": "3c6a96fa-796f-44cd-b92d-f4db16f4f9be",
              "isHook": false,
              "skipped": false
            },
            {
              "title": "Should verify visibility of change roles, resend invitation ,deactivate button of deleted user",
              "fullTitle": "User directory Should verify visibility of change roles, resend invitation ,deactivate button of deleted user",
              "timedOut": null,
              "duration": 0,
              "state": "pending",
              "speed": null,
              "pass": false,
              "fail": false,
              "pending": true,
              "context": null,
              "code": "",
              "err": {},
              "uuid": "a8f59104-ec7e-4d4c-aff3-1531a94d7feb",
              "parentUUID": "3c6a96fa-796f-44cd-b92d-f4db16f4f9be",
              "isHook": false,
              "skipped": false
            },
            {
              "title": "Should verify visibility of change roles and deactivate button of accepted user",
              "fullTitle": "User directory Should verify visibility of change roles and deactivate button of accepted user",
              "timedOut": null,
              "duration": 0,
              "state": "pending",
              "speed": null,
              "pass": false,
              "fail": false,
              "pending": true,
              "context": null,
              "code": "",
              "err": {},
              "uuid": "ab103b6c-6c11-42fb-9345-f7123dfa6842",
              "parentUUID": "3c6a96fa-796f-44cd-b92d-f4db16f4f9be",
              "isHook": false,
              "skipped": false
            },
            {
              "title": "Should verify no result found message when add same company in primary and additional company",
              "fullTitle": "User directory Should verify no result found message when add same company in primary and additional company",
              "timedOut": null,
              "duration": 0,
              "state": "pending",
              "speed": null,
              "pass": false,
              "fail": false,
              "pending": true,
              "context": null,
              "code": "",
              "err": {},
              "uuid": "593be388-c6eb-4b8f-b1a3-7b682f97d34b",
              "parentUUID": "3c6a96fa-796f-44cd-b92d-f4db16f4f9be",
              "isHook": false,
              "skipped": false
            },
            {
              "title": "Should able to add multiple projects to user",
              "fullTitle": "User directory Should able to add multiple projects to user",
              "timedOut": null,
              "duration": 0,
              "state": "pending",
              "speed": null,
              "pass": false,
              "fail": false,
              "pending": true,
              "context": null,
              "code": "",
              "err": {},
              "uuid": "62b0fedb-72b6-4535-8a14-b5701e108202",
              "parentUUID": "3c6a96fa-796f-44cd-b92d-f4db16f4f9be",
              "isHook": false,
              "skipped": false
            }
          ],
          "suites": [],
          "passes": [],
          "failures": [],
          "pending": [
            "d5e90bd5-1f88-4bb2-a0c4-7b391b1340c3",
            "d73111a6-805a-48e0-a371-334d4590f74c",
            "82ab864f-787a-428d-9fe7-f80127a3a88a",
            "9a1ff9c8-8af1-444d-a9ed-e58611b6704b",
            "4e49ec2d-70e4-4224-8acf-3d425576df28",
            "7fcdb2cc-9e9a-4c47-a017-04add5e9fe0b",
            "627002df-7c66-4c52-92a0-f38ecdbe923c",
            "84d50c9c-5ef4-4fbc-ac99-a2a767d3d20b",
            "b6b95643-a13a-4357-ad9f-d1269f59d3d6",
            "73aac03a-5f37-4261-b571-2ff138642022",
            "6b63f941-aa04-41eb-a5e7-02e6833111ec",
            "5f83697e-7ece-42d5-89f7-4d5197fcdd32",
            "ee2c9bfd-03a2-4960-b506-33a4b5d0dfde",
            "7461f8a7-2f36-4a80-b1f7-9a9023b9e0f4",
            "25cd6880-d931-4b21-8501-29f61aec4b30",
            "a8f59104-ec7e-4d4c-aff3-1531a94d7feb",
            "ab103b6c-6c11-42fb-9345-f7123dfa6842",
            "593be388-c6eb-4b8f-b1a3-7b682f97d34b",
            "62b0fedb-72b6-4535-8a14-b5701e108202"
          ],
          "skipped": [],
          "duration": 0,
          "root": false,
          "rootEmpty": false,
          "_timeout": 2000
        }
      ],
      "passes": [],
      "failures": [],
      "pending": [],
      "skipped": [],
      "duration": 0,
      "root": true,
      "rootEmpty": true,
      "_timeout": 2000
    },
    {
      "uuid": "d8b48ba8-d3c2-41ce-b934-b4b50303b540",
      "title": "",
      "fullFile": "cypress\\e2e\\Home_Workflow_Template.spec.js",
      "file": "cypress\\e2e\\Home_Workflow_Template.spec.js",
      "beforeHooks": [],
      "afterHooks": [],
      "tests": [],
      "suites": [
        {
          "uuid": "db8a80f6-4ad0-4ea6-a4b2-54ea23d16300",
          "title": "Workflow Templates",
          "fullFile": "",
          "file": "",
          "beforeHooks": [],
          "afterHooks": [],
          "tests": [
            {
              "title": "Should verify workflow template landing page and sorting",
              "fullTitle": "Workflow Templates Should verify workflow template landing page and sorting",
              "timedOut": null,
              "duration": 0,
              "state": "pending",
              "speed": null,
              "pass": false,
              "fail": false,
              "pending": true,
              "context": null,
              "code": "",
              "err": {},
              "uuid": "1cd97bbe-9c10-4656-836b-4be15ffb2a29",
              "parentUUID": "db8a80f6-4ad0-4ea6-a4b2-54ea23d16300",
              "isHook": false,
              "skipped": false
            },
            {
              "title": "Should verify workflow template counts",
              "fullTitle": "Workflow Templates Should verify workflow template counts",
              "timedOut": null,
              "duration": 0,
              "state": "pending",
              "speed": null,
              "pass": false,
              "fail": false,
              "pending": true,
              "context": null,
              "code": "",
              "err": {},
              "uuid": "1828b741-fd4e-42d1-a682-f04bec59dfa7",
              "parentUUID": "db8a80f6-4ad0-4ea6-a4b2-54ea23d16300",
              "isHook": false,
              "skipped": false
            },
            {
              "title": "Should create new workflow template",
              "fullTitle": "Workflow Templates Should create new workflow template",
              "timedOut": null,
              "duration": 0,
              "state": "pending",
              "speed": null,
              "pass": false,
              "fail": false,
              "pending": true,
              "context": null,
              "code": "",
              "err": {},
              "uuid": "631de6e4-0865-4e63-84df-8e5a4bd4df0d",
              "parentUUID": "db8a80f6-4ad0-4ea6-a4b2-54ea23d16300",
              "isHook": false,
              "skipped": false
            },
            {
              "title": "Should show proper message when searched for non-existent workflow template",
              "fullTitle": "Workflow Templates Should show proper message when searched for non-existent workflow template",
              "timedOut": null,
              "duration": 0,
              "state": "pending",
              "speed": null,
              "pass": false,
              "fail": false,
              "pending": true,
              "context": null,
              "code": "",
              "err": {},
              "uuid": "0ec7ae32-02ce-41c1-9c21-cbb4b329d260",
              "parentUUID": "db8a80f6-4ad0-4ea6-a4b2-54ea23d16300",
              "isHook": false,
              "skipped": false
            },
            {
              "title": "Should Search for created workflow template",
              "fullTitle": "Workflow Templates Should Search for created workflow template",
              "timedOut": null,
              "duration": 0,
              "state": "pending",
              "speed": null,
              "pass": false,
              "fail": false,
              "pending": true,
              "context": null,
              "code": "",
              "err": {},
              "uuid": "6ea0b94d-deec-4289-afc1-1be2bfefb4b7",
              "parentUUID": "db8a80f6-4ad0-4ea6-a4b2-54ea23d16300",
              "isHook": false,
              "skipped": false
            },
            {
              "title": "Should validate for duplicate workflow template",
              "fullTitle": "Workflow Templates Should validate for duplicate workflow template",
              "timedOut": null,
              "duration": 0,
              "state": "pending",
              "speed": null,
              "pass": false,
              "fail": false,
              "pending": true,
              "context": null,
              "code": "",
              "err": {},
              "uuid": "4cb15c2f-0ca2-48d0-98c2-8f26a596b8a1",
              "parentUUID": "db8a80f6-4ad0-4ea6-a4b2-54ea23d16300",
              "isHook": false,
              "skipped": false
            },
            {
              "title": "Should edit and delete workflow template",
              "fullTitle": "Workflow Templates Should edit and delete workflow template",
              "timedOut": null,
              "duration": 0,
              "state": "pending",
              "speed": null,
              "pass": false,
              "fail": false,
              "pending": true,
              "context": null,
              "code": "",
              "err": {},
              "uuid": "c50a0043-ed8e-4d5a-adc9-73db56f10dae",
              "parentUUID": "db8a80f6-4ad0-4ea6-a4b2-54ea23d16300",
              "isHook": false,
              "skipped": false
            }
          ],
          "suites": [],
          "passes": [],
          "failures": [],
          "pending": [
            "1cd97bbe-9c10-4656-836b-4be15ffb2a29",
            "1828b741-fd4e-42d1-a682-f04bec59dfa7",
            "631de6e4-0865-4e63-84df-8e5a4bd4df0d",
            "0ec7ae32-02ce-41c1-9c21-cbb4b329d260",
            "6ea0b94d-deec-4289-afc1-1be2bfefb4b7",
            "4cb15c2f-0ca2-48d0-98c2-8f26a596b8a1",
            "c50a0043-ed8e-4d5a-adc9-73db56f10dae"
          ],
          "skipped": [],
          "duration": 0,
          "root": false,
          "rootEmpty": false,
          "_timeout": 2000
        }
      ],
      "passes": [],
      "failures": [],
      "pending": [],
      "skipped": [],
      "duration": 0,
      "root": true,
      "rootEmpty": true,
      "_timeout": 2000
    },
    {
      "uuid": "d4570a17-801e-47bf-a6d2-12ce4fa356cd",
      "title": "",
      "fullFile": "cypress\\e2e\\Home.spec.js",
      "file": "cypress\\e2e\\Home.spec.js",
      "beforeHooks": [],
      "afterHooks": [],
      "tests": [],
      "suites": [
        {
          "uuid": "d6f68ba3-9ae3-4aad-b92e-58236eba607e",
          "title": "Apollo Landing Page (Projects Page)",
          "fullFile": "",
          "file": "",
          "beforeHooks": [],
          "afterHooks": [],
          "tests": [
            {
              "title": "Should verify the apollo home page",
              "fullTitle": "Apollo Landing Page (Projects Page) Should verify the apollo home page",
              "timedOut": null,
              "duration": 0,
              "state": "pending",
              "speed": null,
              "pass": false,
              "fail": false,
              "pending": true,
              "context": null,
              "code": "",
              "err": {},
              "uuid": "38cd5da9-87a1-4bfc-b48c-c6f9bda45f3a",
              "parentUUID": "d6f68ba3-9ae3-4aad-b92e-58236eba607e",
              "isHook": false,
              "skipped": false
            },
            {
              "title": "Should verify the Settings menu",
              "fullTitle": "Apollo Landing Page (Projects Page) Should verify the Settings menu",
              "timedOut": null,
              "duration": 0,
              "state": "pending",
              "speed": null,
              "pass": false,
              "fail": false,
              "pending": true,
              "context": null,
              "code": "",
              "err": {},
              "uuid": "7b907159-91a2-46cd-b4cc-f70d80c1a338",
              "parentUUID": "d6f68ba3-9ae3-4aad-b92e-58236eba607e",
              "isHook": false,
              "skipped": false
            },
            {
              "title": "Should verify the core service landing pages from Settings menu",
              "fullTitle": "Apollo Landing Page (Projects Page) Should verify the core service landing pages from Settings menu",
              "timedOut": null,
              "duration": 0,
              "state": "pending",
              "speed": null,
              "pass": false,
              "fail": false,
              "pending": true,
              "context": null,
              "code": "",
              "err": {},
              "uuid": "0fb6ce39-a2ec-4a25-aa30-40cad779c955",
              "parentUUID": "d6f68ba3-9ae3-4aad-b92e-58236eba607e",
              "isHook": false,
              "skipped": false
            },
            {
              "title": "Should verify the Budget landing pages from Settings menu ",
              "fullTitle": "Apollo Landing Page (Projects Page) Should verify the Budget landing pages from Settings menu ",
              "timedOut": null,
              "duration": 0,
              "state": "pending",
              "speed": null,
              "pass": false,
              "fail": false,
              "pending": true,
              "context": null,
              "code": "",
              "err": {},
              "uuid": "2161cb28-bfcd-43f3-97e8-94cf15bdd536",
              "parentUUID": "d6f68ba3-9ae3-4aad-b92e-58236eba607e",
              "isHook": false,
              "skipped": false
            },
            {
              "title": "Should verify the Schedule landing pages from Settings menu ",
              "fullTitle": "Apollo Landing Page (Projects Page) Should verify the Schedule landing pages from Settings menu ",
              "timedOut": null,
              "duration": 0,
              "state": "pending",
              "speed": null,
              "pass": false,
              "fail": false,
              "pending": true,
              "context": null,
              "code": "",
              "err": {},
              "uuid": "69d6b587-fd74-4dd6-9bc7-2b355040454d",
              "parentUUID": "d6f68ba3-9ae3-4aad-b92e-58236eba607e",
              "isHook": false,
              "skipped": false
            },
            {
              "title": "Should verify the Collaboration landing pages from Settings menu",
              "fullTitle": "Apollo Landing Page (Projects Page) Should verify the Collaboration landing pages from Settings menu",
              "timedOut": null,
              "duration": 0,
              "state": "pending",
              "speed": null,
              "pass": false,
              "fail": false,
              "pending": true,
              "context": null,
              "code": "",
              "err": {},
              "uuid": "02ef20d5-6e05-42be-a38d-2d211d7595a0",
              "parentUUID": "d6f68ba3-9ae3-4aad-b92e-58236eba607e",
              "isHook": false,
              "skipped": false
            },
            {
              "title": "Should able to edit profile of the user",
              "fullTitle": "Apollo Landing Page (Projects Page) Should able to edit profile of the user",
              "timedOut": null,
              "duration": 0,
              "state": "pending",
              "speed": null,
              "pass": false,
              "fail": false,
              "pending": true,
              "context": null,
              "code": "",
              "err": {},
              "uuid": "de6ae3e2-d4d7-4010-b723-fe664aa63711",
              "parentUUID": "d6f68ba3-9ae3-4aad-b92e-58236eba607e",
              "isHook": false,
              "skipped": false
            },
            {
              "title": "Should able to add profile photo while edit profile",
              "fullTitle": "Apollo Landing Page (Projects Page) Should able to add profile photo while edit profile",
              "timedOut": null,
              "duration": 0,
              "state": "pending",
              "speed": null,
              "pass": false,
              "fail": false,
              "pending": true,
              "context": null,
              "code": "",
              "err": {},
              "uuid": "1a76bc5a-fb74-42ab-b63a-a316832ca603",
              "parentUUID": "d6f68ba3-9ae3-4aad-b92e-58236eba607e",
              "isHook": false,
              "skipped": false
            }
          ],
          "suites": [],
          "passes": [],
          "failures": [],
          "pending": [
            "38cd5da9-87a1-4bfc-b48c-c6f9bda45f3a",
            "7b907159-91a2-46cd-b4cc-f70d80c1a338",
            "0fb6ce39-a2ec-4a25-aa30-40cad779c955",
            "2161cb28-bfcd-43f3-97e8-94cf15bdd536",
            "69d6b587-fd74-4dd6-9bc7-2b355040454d",
            "02ef20d5-6e05-42be-a38d-2d211d7595a0",
            "de6ae3e2-d4d7-4010-b723-fe664aa63711",
            "1a76bc5a-fb74-42ab-b63a-a316832ca603"
          ],
          "skipped": [],
          "duration": 0,
          "root": false,
          "rootEmpty": false,
          "_timeout": 2000
        }
      ],
      "passes": [],
      "failures": [],
      "pending": [],
      "skipped": [],
      "duration": 0,
      "root": true,
      "rootEmpty": true,
      "_timeout": 2000
    },
    {
      "uuid": "3e96a76c-c08a-4455-aa23-b414f5b806a7",
      "title": "",
      "fullFile": "cypress\\e2e\\Mock_Project_Directory.spec.js",
      "file": "cypress\\e2e\\Mock_Project_Directory.spec.js",
      "beforeHooks": [],
      "afterHooks": [],
      "tests": [],
      "suites": [
        {
          "uuid": "474e7d8e-929f-4925-8b5a-8dc8cdd9cd93",
          "title": "Mocked Project Directory",
          "fullFile": "",
          "file": "",
          "beforeHooks": [],
          "afterHooks": [],
          "tests": [
            {
              "title": "Should load a blank page with Add New Button",
              "fullTitle": "Mocked Project Directory Should load a blank page with Add New Button",
              "timedOut": null,
              "duration": 6651,
              "state": "passed",
              "speed": "slow",
              "pass": true,
              "fail": false,
              "pending": false,
              "context": null,
              "code": "cy.server();\ncy.route({\n  method: 'GET',\n  url: '/tenant/projects?**',\n  status: 200,\n  response: {\n    paging: {},\n    projects: []\n  }\n}).as('getProjects');\ncy.visitPage('/directory').wait('@getProjects').its('status').should('eq', 200) // .get('.newBtn')\n// .findByDataCy('')\n// .click({ force: true })\n.clickElement('addNewProject').log(\"checking save button visibilty\").findByDataCy('addProjBtn').should('be.disabled');\ncy.get('.ui-dialog-titlebar-icon > .ng-tns-c73-3').click({\n  force: true\n});",
              "err": {},
              "uuid": "240538b3-93b3-4923-b07d-062c8d913378",
              "parentUUID": "474e7d8e-929f-4925-8b5a-8dc8cdd9cd93",
              "isHook": false,
              "skipped": false
            },
            {
              "title": "Should load a projects page with my mock project list",
              "fullTitle": "Mocked Project Directory Should load a projects page with my mock project list",
              "timedOut": null,
              "duration": 1444,
              "state": "passed",
              "speed": "slow",
              "pass": true,
              "fail": false,
              "pending": false,
              "context": null,
              "code": "cy.server();\ncy.route({\n  method: 'GET',\n  url: '/tenant/projects?sortKey=name&sort=1&pageSize=15&*',\n  status: 200,\n  response: 'fixture:/mockedProjectDirectory.json'\n}).as('getAllProjects');\ncy.route({\n  method: 'GET',\n  url: '/tenant/projects?sortKey=name&sort=1&pageSize=500&disabled=true&active=true&includeAll=true',\n  status: 200,\n  response: 'fixture:/mockedProjectDirectory.json'\n}).as('getFirst15Projects');\ncy.visitPage('/directory').wait('@getFirst15Projects').its('status').should('eq', 200) // .get('.newBtn')\n// .click({ force: true })\n.clickElement('addNewProject').log(\"checking save button visibilty\").findByDataCy('addProjBtn').should('be.disabled');\ncy.get('.ui-dialog-titlebar-icon > .ng-tns-c73-3').click({\n  force: true\n});",
              "err": {},
              "uuid": "528808b5-c477-4b4b-9924-1057dfed8165",
              "parentUUID": "474e7d8e-929f-4925-8b5a-8dc8cdd9cd93",
              "isHook": false,
              "skipped": false
            }
          ],
          "suites": [],
          "passes": [
            "240538b3-93b3-4923-b07d-062c8d913378",
            "528808b5-c477-4b4b-9924-1057dfed8165"
          ],
          "failures": [],
          "pending": [],
          "skipped": [],
          "duration": 8095,
          "root": false,
          "rootEmpty": false,
          "_timeout": 2000
        }
      ],
      "passes": [],
      "failures": [],
      "pending": [],
      "skipped": [],
      "duration": 0,
      "root": true,
      "rootEmpty": true,
      "_timeout": 2000
    },
    {
      "uuid": "d5cf39e2-0475-4fdc-a5d9-7ae532333d1d",
      "title": "",
      "fullFile": "cypress\\e2e\\Home_company_Directory.spec.js",
      "file": "cypress\\e2e\\Home_company_Directory.spec.js",
      "beforeHooks": [],
      "afterHooks": [],
      "tests": [],
      "suites": [
        {
          "uuid": "ab0c4175-bbe4-4afd-9d4d-fd429bd079d7",
          "title": "Company directory",
          "fullFile": "",
          "file": "",
          "beforeHooks": [],
          "afterHooks": [],
          "tests": [
            {
              "title": "Should verify company directory landing page and sorting",
              "fullTitle": "Company directory Should verify company directory landing page and sorting",
              "timedOut": null,
              "duration": 9079,
              "state": "passed",
              "speed": "slow",
              "pass": true,
              "fail": false,
              "pending": false,
              "context": null,
              "code": "visitCompanyDirectory();\ncy.get('.ui-menuitem-text').should('contain.text', 'Company Directory');\ncy.wait('@getCompanyCount').then(function (xhr) {\n  var companiesCounts = xhr.response.body.data;\n  cy.findByText('Companies ' + '(' + companiesCounts + ')').should('exist');\n});\ncy.findByPlaceholderText('Search Name').should('exist');\ncy.findByDataCy('addNewCompany').should('exist');\ncy.clickElement('idSort');\ncy.get('[data-cy=idSort] > #subHeader > .pull-right > .arrow').should('exist');\ncy.findByText('Id').should('exist');\ncy.findByText('Company Name').should('exist');\ncy.findByText('ERP Name').should('exist');\ncy.findByText('Trade').should('exist');\ncy.findByText('Address').should('exist');\ncy.findByText('Points of Contact').should('exist');\ncy.findByText('Phone Number').should('exist');\ncy.findByText('Email').should('exist');",
              "err": {},
              "uuid": "cdd01ad5-4b64-4d6a-a021-76dc04bed9f5",
              "parentUUID": "ab0c4175-bbe4-4afd-9d4d-fd429bd079d7",
              "isHook": false,
              "skipped": false
            }
          ],
          "suites": [],
          "passes": [
            "cdd01ad5-4b64-4d6a-a021-76dc04bed9f5"
          ],
          "failures": [],
          "pending": [],
          "skipped": [],
          "duration": 9079,
          "root": false,
          "rootEmpty": false,
          "_timeout": 2000
        }
      ],
      "passes": [],
      "failures": [],
      "pending": [],
      "skipped": [],
      "duration": 0,
      "root": true,
      "rootEmpty": true,
      "_timeout": 2000
    }
  ],
  "meta": {
    "mocha": {
      "version": "7.0.1"
    },
    "mochawesome": {
      "options": {
        "quiet": false,
        "reportFilename": "customReportFilename",
        "saveHtml": true,
        "saveJson": true,
        "consoleReporter": "spec",
        "useInlineDiffs": false,
        "code": true
      },
      "version": "6.2.2"
    },
    "marge": {
      "options": {
        "id": "default",
        "reportDir": "cypress/reports/mocha",
        "reportFilename": "customReportFilename",
        "quite": true,
        "overwrite": false,
        "html": true,
        "json": true,
        "video": false
      },
      "version": "5.2.0"
    }
  }
}